Workbook
Name ARA_Threshold: #REF!
Name ARA_Threshold: #REF!
Name ARA_Threshold: #REF!
Name ARP_Threshold: #REF!
Name ARP_Threshold: #REF!
Name ARP_Threshold: #REF!
Name att1st_12th: #REF!
Name att1st_12th: #REF!
Name att1st_12th: #REF!
Name cf: #REF!
Name cf: #REF!
Name cf: #REF!
Name cominf: #REF!
Name cominf: #REF!
Name cominf: #REF!
Name dcf_cof: #REF!
Name dcf_cof: #REF!
Name dcf_cof: #REF!
Name dpl: #REF!
Name dpl: #REF!
Name dpl: #REF!
Name L_CY_Beg: [1]Links!$F$1:$F$65536
Name L_CY_End: [1]Links!$J$1:$J$65536
Name L_PY_End: [1]Links!$K$1:$K$65536
Name L_RJE_Tot: [1]Links!$I$1:$I$65536
Name landarea: #REF!
Name landarea: #REF!
Name landarea: #REF!
Name Low_Cost_Flats___9_units_shops: '[2]SP, RW & SG.BU'!#REF!
Name Low_Cost_Flats___9_units_shops: '[2]SP, RW & SG.BU'!#REF!
Name Low_Cost_Flats___9_units_shops: '[2]SP, RW & SG.BU'!#REF!
Name ohworking: #REF!
Name ohworking: #REF!
Name ohworking: #REF!
Name pc1p: #REF!
Name pc1p: #REF!
Name pc1p: #REF!
Name pc2p: #REF!
Name pc2p: #REF!
Name pc2p: #REF!
Name pl8and4: #REF!
Name pl8and4: #REF!
Name pl8and4: #REF!
Name PLqtrly: #REF!
Name PLqtrly: #REF!
Name PLqtrly: #REF!
Name row: #REF!
Name row: #REF!
Name row: #REF!
Name rowrm: #REF!
Name rowrm: #REF!
Name rowrm: #REF!
Name S_AcctDes: #REF!
Name S_AcctDes: #REF!
Name S_AcctDes: #REF!
Name S_Adjust: #REF!
Name S_Adjust: #REF!
Name S_Adjust: #REF!
Name S_Adjust_GT: #REF!
Name S_Adjust_GT: #REF!

Sheet Jan-25
A5: 月费善款 收纳表/ Official Receipt Summary: | N5: 2025 年 1 月份 - HLB 05500129613
E6: 赞助的月份
E7: Payment for the month of | K7: 金额 Amount (RM)
A8: 日期 Date | B8: 收据编号 Official Receipt No | C8: 编号 No. | D8: 捐款人 姓名 Name | E8: START MONTH | F8: END MONTH | G8: REF. | K8: 现款 Cash | L8: 支票 Cheque | M8: 网上银行转账 Online Bank Transfer | N8: Bank-in Amount | O8: Bank-in Date | P8: 备注 Remark
A10: 01.01.2025 | B10: CHE 0001064 | C10: 106 | D10: 文渼渼 | E10: Nov-24 | F10: Dec-24 | G10: Nov-Dec-24 | H10: 2 | I10: 50 | J10: 100 | K10: 100.00 | P10: 122 | T10: 45536
A11: 01.01.2025 | B11: CHE 0001065 | C11: 106 | D11: 文渼渼 | E11: 45658 | F11: 45809 | G11: Jan-Jun-25 | H11: =DATEDIF(E11,F11,"M")+1 -> 6 | I11: 50 | J11: =H11*I11 -> 300 | K11: 300 | T11: 45566
A12: 01.01.2025 | B12: CHE 0001066 | C12: 214 | D12: 苏素镇 | E12: 45658 | F12: 45717 | G12: Jan-Mar-25 | H12: =DATEDIF(E12,F12,"M")+1 -> 3 | I12: 50 | J12: =H12*I12 -> 150 | K12: 150 | T12: 45597
A13: 01.01.2025 | B13: CHE 0001067 | C13: 177 | D13: 陈桂香 | E13: 45658 | F13: 45717 | G13: Jan-Mar-25 | H13: =DATEDIF(E13,F13,"M")+1 -> 3 | I13: 50 | J13: =H13*I13 -> 150 | K13: 150 | T13: 45627
A14: 03.01.2025 | B14: CHE 0001068 | C14: 90 | D14: 程秋萍 | E14: 45658 | F14: 45992 | G14: Jan-Dec-25 | H14: =DATEDIF(E14,F14,"M")+1 -> 12 | I14: 50 | J14: =H14*I14 -> 600 | K14: 600 | T14: 45658
A15: 03.01.2025 | B15: CHE 0001069 | C15: 192 | D15: 锺堉煒 | E15: 45658 | F15: 45992 | G15: Jan-Dec-25 | H15: =DATEDIF(E15,F15,"M")+1 -> 12 | I15: 50 | J15: =H15*I15 -> 600 | K15: 600 | T15: 45689
A16: 03.01.2025 | B16: CHE 0001070 | C16: 19 | D16: 廖秋华 | E16: 45658 | F16: 45748 | G16: Jan-Apr-25 | H16: =DATEDIF(E16,F16,"M")+1 -> 4 | I16: 50 | J16: =H16*I16 -> 200 | K16: 200 | T16: 45717
A17: 04.01.2025 | B17: CHE 0001071 | C17: 189 | D17: 张秀杏 | E17: 45658 | F17: 45992 | G17: Jan-Dec-25 | H17: =DATEDIF(E17,F17,"M")+1 -> 12 | I17: 50 | J17: =H17*I17 -> 600 | K17: 600 | N17: =SUM(K10:K17) -> 2600 | O17: 05.01.2025 | T17: 45748
A18: 06.01.2025 | B18: CHE 0001072 | C18: 97 | D18: 陈素秋 | E18: 45658 | F18: 45748 | G18: Jan-Apr-25 | H18: =DATEDIF(E18,F18,"M")+1 -> 4 | I18: 50 | J18: =H18*I18 -> 200 | K18: 200 | T18: 45778
A19: 06.01.2025 | B19: CHE 0001073 | C19: 71 | D19: 房丽珍 | E19: 45566 | F19: 45778 | G19: Oct-24-May-25 | H19: =DATEDIF(E19,F19,"M")+1 -> 8 | I19: 50 | J19: =H19*I19 -> 400 | K19: 400 | T19: 45809
A20: 06.01.2025 | B20: CHE 0001074 | C20: 36 | D20: 钱淑娟 | E20: 45658 | F20: 45992 | G20: Jan-Dec-25 | H20: =DATEDIF(E20,F20,"M")+1 -> 12 | I20: 50 | J20: =H20*I20 -> 600 | K20: 600 | T20: 45839
A21: 06.01.2025 | B21: CHE 0001075 | C21: 74 | D21: 黄得财 | E21: 45658 | F21: 45778 | G21: Jan-May-25 | H21: =DATEDIF(E21,F21,"M")+1 -> 5 | I21: 50 | J21: =H21*I21 -> 250 | K21: 250 | T21: 45870
A22: 07.01.2025 | B22: CHE 0001076 | C22: 126 | D22: 张凤 | E22: 45658 | F22: 45717 | G22: Jan-Mar-25 | H22: =DATEDIF(E22,F22,"M")+1 -> 3 | I22: 50 | J22: =H22*I22 -> 150 | K22: 150 | T22: 45901
A23: 08.01.2025 | B23: CHE 0001077 | C23: 4 | D23: 邹运金 | E23: 45658 | F23: 45689 | G23: Jan-Feb-25 | H23: =DATEDIF(E23,F23,"M")+1 -> 2 | I23: 50 | J23: =H23*I23 -> 100 | K23: 100 | T23: 45931
A24: 09.01.2025 | B24: CHE 0001078 | C24: 178 | D24: 颜美荭 | E24: 45658 | F24: 45689 | G24: Jan-Feb-25 | H24: =DATEDIF(E24,F24,"M")+1 -> 2 | I24: 50 | J24: =H24*I24 -> 100 | K24: 100 | T24: 45962
A25: 11.01.2025 | B25: CHE 0001079 | C25: 186 | D25: 刘玉云 | E25: 45658 | F25: 45689 | G25: Jan-Feb-25 | H25: =DATEDIF(E25,F25,"M")+1 -> 2 | I25: 50 | J25: =H25*I25 -> 100 | K25: 100 | T25: 45992
A26: 11.01.2025 | B26: CHE 0001080 | C26: 23 | D26: 罗彩云 | E26: 45658 | F26: 45809 | G26: Jan-Jun-25 | H26: =DATEDIF(E26,F26,"M")+1 -> 6 | I26: 50 | J26: =H26*I26 -> 300 | K26: 300 | T26: 46023
A27: 11.01.2025 | B27: CHE 0001081 | C27: 114 | D27: 刁修淋 | E27: 45658 | F27: 45689 | G27: Jan-Feb-25 | H27: =DATEDIF(E27,F27,"M")+1 -> 2 | I27: 50 | J27: =H27*I27 -> 100 | K27: 100 | N27: =SUM(K18:K27) -> 2300 | O27: 13.01.2025 | T27: 46054
A28: 12.01.2025 | B28: CHE 0001082 | C28: 42 | D28: 李俐祯 | E28: 45658 | F28: 45809 | G28: Jan-Jun-25 | H28: =DATEDIF(E28,F28,"M")+1 -> 6 | I28: 50 | J28: =H28*I28 -> 300 | K28: 300 | T28: 46082
A29: 13.01.2025 | B29: CHE 0001083 | C29: 208 | D29: 萧志伦 | E29: 45658 | F29: 45658 | G29: 45658 | H29: =DATEDIF(E29,F29,"M")+1 -> 1 | I29: 50 | J29: =H29*I29 -> 50 | K29: 50 | T29: 46113
A30: 14.01.2025 | B30: CHE 0001084 | C30: 99 | D30: 吴毓遴 | E30: 45658 | F30: 45689 | G30: Jan-Feb-25 | H30: =DATEDIF(E30,F30,"M")+1 -> 2 | I30: 50 | J30: =H30*I30 -> 100 | K30: 100 | T30: 46143
A31: 14.01.2025 | B31: CHE 0001085 | C31: 120 | D31: 王碧琳 | E31: 45658 | F31: 45992 | G31: Jan-Dec-25 | H31: =DATEDIF(E31,F31,"M")+1 -> 12 | I31: 50 | J31: =H31*I31 -> 600 | K31: 600 | T31: 46174
A32: 14.01.2025 | B32: CHE 0001086 | C32: 227 | D32: 丘桂盈 | E32: 45658 | F32: 45809 | G32: Jan-Jun-25 | H32: =DATEDIF(E32,F32,"M")+1 -> 6 | I32: 50 | J32: =H32*I32 -> 300 | K32: 300 | N32: =SUM(K28:K32) -> 1350 | O32: 22.01.2025 | T32: 46204
A33: 20.01.2025 | B33: CHE 0001087 | C33: 181 | D33: 陈金清 | E33: 45658 | F33: 45689 | G33: Jan-Feb-25 | H33: =DATEDIF(E33,F33,"M")+1 -> 2 | I33: 50 | J33: =H33*I33 -> 100 | K33: 100 | T33: 46235
A34: 20.01.2025 | B34: CHE 0001088 | C34: 73 | D34: 李宝明 | E34: 45658 | F34: 45748 | G34: Jan-Apr-25 | H34: =DATEDIF(E34,F34,"M")+1 -> 4 | I34: 50 | J34: =H34*I34 -> 200 | K34: 200 | T34: 46266
A35: 23.01.2025 | B35: CHE 0001089 | C35: 185 | D35: 羅梅瑂 | E35: 45658 | F35: 45689 | G35: Jan-Feb-25 | H35: =DATEDIF(E35,F35,"M")+1 -> 2 | I35: 50 | J35: =H35*I35 -> 100 | K35: 100 | N35: =SUM(K33:K35) -> 400 | O35: 28.01.2025 | T35: 46296
A36: 28.01.2025 | B36: CHE 0001090 | C36: 131 | D36: 王康芬 | E36: 45658 | F36: 45717 | G36: Jan-Mar-25 | H36: =DATEDIF(E36,F36,"M")+1 -> 3 | I36: 50 | J36: =H36*I36 -> 150 | K36: 150 | T36: 46327
A37: 29.01.2025 | B37: CHE 0001091 | C37: 3 | D37: Anna Justina | E37: 45717 | F37: 45809 | G37: Mar-Jun-25 | H37: =DATEDIF(E37,F37,"M")+1 -> 4 | I37: 50 | J37: =H37*I37 -> 200 | K37: 200 | T37: 46357
A38: 29.01.2025 | B38: CHE 0001092 | C38: 69 | D38: 卢锭伟 | E38: 45658 | F38: 45809 | G38: Jan-Jun-25 | H38: =DATEDIF(E38,F38,"M")+1 -> 6 | I38: 50 | J38: =H38*I38 -> 300 | K38: 300 | N38: =SUM(K36:K38) -> 650 | O38: 30.01.2025 | T38: 46388
A39: 29.01.2025 | B39: CHE 0001093 | C39: 178 | D39: 颜美荭 | E39: 45717 | F39: 45717 | G39: 45717 | H39: =DATEDIF(E39,F39,"M")+1 -> 1 | I39: 50 | J39: =H39*I39 -> 50 | K39: 50
A40: 29.01.2025 | B40: CHE 0001094 | C40: 11 | D40: 方玉芬 | E40: 45658 | F40: 45992 | G40: Jan-Dec-25 | H40: =DATEDIF(E40,F40,"M")+1 -> 12 | I40: 50 | J40: =H40*I40 -> 600 | K40: 600
A41: 29.01.2025 | B41: CHE 0001095 | C41: 127 | D41: 陈梅兰 | E41: 45658 | F41: 45992 | G41: Jan-Dec-25 | H41: =DATEDIF(E41,F41,"M")+1 -> 12 | I41: 50 | J41: =H41*I41 -> 600 | K41: 600
A42: 29.01.2025 | B42: CHE 0001096 | C42: 191 | D42: 锺鏸堬 | E42: 45658 | F42: 45992 | G42: Jan-Dec-25 | H42: =DATEDIF(E42,F42,"M")+1 -> 12 | I42: 50 | J42: =H42*I42 -> 600 | K42: 600
A43: 29.01.2025 | B43: CHE 0001097 | C43: 226 | D43: 锺镒壕 | E43: 45658 | F43: 45717 | G43: Jan-Mar-25 | H43: =DATEDIF(E43,F43,"M")+1 -> 3 | I43: 50 | J43: =H43*I43 -> 150 | K43: 150
A44: 29.01.2025 | B44: CHE 0001098 | C44: 170 | D44: 陈柔霓 | E44: 45658 | F44: 45689 | G44: Jan-Feb-25 | H44: =DATEDIF(E44,F44,"M")+1 -> 2 | I44: 50 | J44: =H44*I44 -> 100 | K44: 100 | N44: =SUM(K39:K44) -> 2100 | O44: 01.02.2025
A49: 01.01.2025 | B49: CHE0001039 | C49: 162 | D49: 方惠贤 | E49: 45658 | F49: 45689 | G49: Jan-Feb-25 | H49: =DATEDIF(E49,F49,"M")+1 -> 2 | I49: 50 | J49: =H49*I49 -> 100 | M49: 100 | O49: Book No.121 | P49: BT | Q49: Fong Fui Ying
A50: 02.01.2025 | B50: CHE0001040 | C50: 202 | D50: 叶宝钻 | E50: 45658 | F50: 45809 | G50: Jan-Jun-25 | H50: =DATEDIF(E50,F50,"M")+1 -> 6 | I50: 50 | J50: =H50*I50 -> 300 | M50: 300 | P50: BT | Q50: Tai Siew Fong
A51: 02.01.2025 | B51: CHE0001041 | C51: 116 | D51: 李薇薇 | E51: 45658 | F51: 45658 | G51: 45658 | H51: =DATEDIF(E51,F51,"M")+1 -> 1 | I51: 50 | J51: =H51*I51 -> 50 | M51: 50 | P51: BT | Q51: Lee Wei Wei
A52: 02.01.2025 | B52: CHE0001042 | C52: 117 | D52: 张志文 | E52: 45658 | F52: 45658 | G52: 45658 | H52: =DATEDIF(E52,F52,"M")+1 -> 1 | I52: 50 | J52: =H52*I52 -> 50 | M52: 50 | P52: BT | Q52: Chong Chee Wen
A53: 04.01.2025 | B53: CHE0001043 | C53: 53 | D53: 张媄绮 | E53: 45658 | F53: 45992 | G53: Jan-Dec-25 | H53: =DATEDIF(E53,F53,"M")+1 -> 12 | I53: 50 | J53: =H53*I53 -> 600 | M53: 600 | P53: BT | Q53: Chong Mei Mei
A54: 05.01.2025 | B54: CHE0001044 | C54: 104 | D54: 连美丽 | E54: 45658 | F54: 45689 | G54: Jan-Feb-25 | H54: =DATEDIF(E54,F54,"M")+1 -> 2 | I54: 50 | J54: =H54*I54 -> 100 | M54: 100 | P54: BT | Q54: Lien Mei Li
A55: 07.01.2025 | B55: CHE0001045 | C55: 176 | D55: 谢蕙冰 | E55: 45658 | F55: 45992 | G55: Jan-Dec-25 | H55: =DATEDIF(E55,F55,"M")+1 -> 12 | I55: 50 | J55: =H55*I55 -> 600 | M55: 600 | P55: BT | Q55: Tong Kai Chon
A56: 07.01.2025 | B56: CHE0001046 | C56: 175 | D56: 洪鼎惟 | E56: 45658 | F56: 45658 | G56: 45658 | H56: =DATEDIF(E56,F56,"M")+1 -> 1 | I56: 50 | J56: =H56*I56 -> 50 | M56: 50 | P56: BT | Q56: Hoon Teng Hui
A57: 08.01.2025 | B57: CHE0001047 | C57: 124 | D57: 高渼惠 | E57: 45627 | F57: 45627 | G57: 45627 | H57: =DATEDIF(E57,F57,"M")+1 -> 1 | I57: 50 | J57: =H57*I57 -> 50 | M57: 50 | P57: BT | Q57: Koo Mei Wei
A58: 08.01.2025 | B58: CHE0001048 | C58: 79 | D58: 江錦仁 | E58: 45536 | F58: 45658 | G58: Sep-24-Jan-25 | H58: =DATEDIF(E58,F58,"M")+1 -> 5 | I58: 50 | J58: =H58*I58 -> 250 | M58: 250 | P58: BT | Q58: Kong Kim Yin
A59: 10.01.2025 | B59: CHE0001049 | C59: 62 | D59: 叶淑芳 | E59: 45658 | F59: 45809 | G59: Jan-Jun-25 | H59: =DATEDIF(E59,F59,"M")+1 -> 6 | I59: 50 | J59: =H59*I59 -> 300 | M59: 300 | P59: BT | Q59: Tiew Cheng Lou
A60: 11.01.2025 | B60: CHE0001050 | C60: 223 | D60: 黄莉珍 | E60: 45597 | F60: 45689 | G60: Nov-24-Feb-25 | H60: =DATEDIF(E60,F60,"M")+1 -> 4 | I60: 50 | J60: =H60*I60 -> 200 | M60: 200 | O60: Book No.121 | P60: BT | Q60: Wong Pui Chan
A61: 12.01.2025 | B61: CHE0001201 | C61: 137 | D61: 赖美珍 | E61: 45658 | F61: 45658 | G61: 45658 | H61: =DATEDIF(E61,F61,"M")+1 -> 1 | I61: 50 | J61: =H61*I61 -> 50 | M61: 50 | O61: Book No.125 | P61: CDM
A62: 12.01.2025 | B62: CHE0001202 | C62: 64 | D62: 韦素枝 | E62: 45658 | F62: 45748 | G62: Jan-Apr-25 | H62: =DATEDIF(E62,F62,"M")+1 -> 4 | I62: 50 | J62: =H62*I62 -> 200 | M62: 200 | P62: BT | Q62: Lim Thiam Chai
A63: 13.01.2025 | B63: CHE0001203 | C63: 155 | D63: 李宝珠 | E63: 45658 | F63: 45689 | G63: Jan-Feb-25 | H63: =DATEDIF(E63,F63,"M")+1 -> 2 | I63: 50 | J63: =H63*I63 -> 100 | M63: 100 | P63: BT | Q63: Wee Mun Kuan
A64: 14.01.2025 | B64: CHE0001204 | C64: 188 | D64: 许银玲 | E64: 45658 | F64: 45992 | G64: Jan-Dec-25 | H64: =DATEDIF(E64,F64,"M")+1 -> 12 | I64: 50 | J64: =H64*I64 -> 600 | M64: 600 | P64: BT | Q64: cheque from HQ - transfer back from MBB HQ
A65: 14.01.2025 | B65: CHE0001205 | C65: 80 | D65: 黄淑芬 | E65: 45658 | F65: 45658 | G65: 45658 | H65: =DATEDIF(E65,F65,"M")+1 -> 1 | I65: 50 | J65: =H65*I65 -> 50 | M65: 50 | P65: BT | Q65: Wong Su Fong
A66: 14.01.2025 | B66: CHE0001206 | C66: 224 | D66: 黄文胜 | E66: 45658 | F66: 45658 | G66: 45658 | H66: =DATEDIF(E66,F66,"M")+1 -> 1 | I66: 50 | J66: =H66*I66 -> 50 | M66: 50 | P66: BT | Q66: Wong Su Fong
A67: 16.01.2025 | B67: CHE0001207 | C67: 225 | D67: 陈巧欢 | E67: 45658 | F67: 45717 | G67: Jan-Mar-25 | H67: =DATEDIF(E67,F67,"M")+1 -> 3 | I67: 50 | J67: =H67*I67 -> 150 | M67: 150 | P67: BT | Q67: Chan Chiaw Huan
A68: 17.01.2025 | B68: CHE0001208 | C68: 29 | D68: 王万龄 | E68: 45689 | F68: 45992 | G68: Feb-Dec25 | H68: =DATEDIF(E68,F68,"M")+1 -> 11 | I68: 50 | J68: =H68*I68 -> 550 | M68: 550 | P68: BT | Q68: Ong Ban Ling
A69: 21.01.2025 | B69: CHE0001209 | C69: 172 | D69: 蔡均镅 | E69: 45658 | F69: 45689 | G69: Jan-Feb-25 | H69: =DATEDIF(E69,F69,"M")+1 -> 2 | I69: 50 | J69: =H69*I69 -> 100 | M69: 100 | P69: BT | Q69: Chua Jiun Mei
A70: 22.01.2025 | B70: CHE0001210 | C70: 123 | D70: 黄丽娟 | E70: 45658 | F70: 45689 | G70: Jan-Feb-25 | H70: =DATEDIF(E70,F70,"M")+1 -> 2 | I70: 50 | J70: =H70*I70 -> 100 | M70: 100 | P70: BT | Q70: Wong Lee Ken
A71: 22.01.2025 | B71: CHE0001211 | C71: 13 | D71: 黄慧霞 | E71: 45658 | F71: 45689 | G71: Jan-Feb-25 | H71: =DATEDIF(E71,F71,"M")+1 -> 2 | I71: 50 | J71: =H71*I71 -> 100 | M71: 100 | P71: BT | Q71: Wong Wei Ha
A72: 23.01.2025 | B72: CHE0001212 | C72: 81 | D72: 陈淑玲 | E72: 45658 | F72: 45992 | G72: Jan-Dec-25 | H72: =DATEDIF(E72,F72,"M")+1 -> 12 | I72: 50 | J72: =H72*I72 -> 600 | M72: 600 | P72: BT | Q72: Long Engineering Works
A73: 29.01.2025 | B73: CHE0001213 | C73: 80 | D73: 黄淑芬 | E73: 45689 | F73: 45689 | G73: 45689 | H73: =DATEDIF(E73,F73,"M")+1 -> 1 | I73: 50 | J73: =H73*I73 -> 50 | M73: 50 | P73: BT | Q73: Wong Su Fong
A74: 29.01.2025 | B74: CHE0001214 | C74: 224 | D74: 黄文胜 | E74: 45689 | F74: 45689 | G74: 45689 | H74: =DATEDIF(E74,F74,"M")+1 -> 1 | I74: 50 | J74: =H74*I74 -> 50 | M74: 50 | P74: BT | Q74: Wong Su Fong
A75: 29.01.2025 | B75: CHE0001215 | C75: 175 | D75: =VLOOKUP(C75,'MASTER Name List'!$B$3:$M$186,2,FALSE) -> 洪鼎惟 | E75: 45689 | F75: 45689 | G75: 45689 | H75: =DATEDIF(E75,F75,"M")+1 -> 1 | I75: 50 | J75: =H75*I75 -> 50 | M75: 50 | P75: BT | Q75: Hoon Teng Hui
A76: 31.01.2025 | B76: CHE0001216 | C76: 68 | D76: 沈观胜 | E76: 45658 | F76: 45717 | G76: Jan-Mar25 | H76: =DATEDIF(E76,F76,"M")+1 -> 3 | I76: 50 | J76: =H76*I76 -> 150 | M76: 150 | P76: BT | Q76: Sim Kuan Seng
A79: 06.04.2024 | L79: 50 | Q79: ???
K83: =SUM(K9:K81) -> 9400 | L83: =SUM(L9:L81) -> 50 | M83: =SUM(M9:M81) -> 5600 | N83: =SUM(N9:N81) -> 9400
N84: =N83-K83 -> 0
G85: new
B86: 陈凯凤 | C86: 201 | D86: stop from Feb 21 | G86: 199 | K86: 伍蔚枋
B87: 刘黛娣 | C87: 95 | D87: stop from Jan 21 | G87: 220 | K87: 赖清桂
B88: 蔡美容 | C88: 196 | D88: stop from Mar 21 | G88: 221 | K88: 林淑仪
B89: 范庆华 | C89: 200 | D89: stop from Apr 21 | G89: 222 | K89: 江伝卉
B90: 范明丽 | C90: 218 | D90: stop from May 21 | G90: 223 | K90: 黄莉珍
B91: Chin Ah Soon | C91: 157 | D91: stop from Jan 22 | G91: 224 | K91: 黄文胜
B92: 章伟声 | C92: 143 | D92: stop from Feb 22 | G92: 225 | K92: 陈巧欢
B93: 曾静敏 | C93: 190 | D93: stop from Dec 21 | G93: 226 | K93: 锺镒壕
B94: 陈金娣 | C94: 179 | D94: stop from Jan 21 | G94: 227 | K94: 丘佳盈
G95: 228 | K95: 黄诗霞
B96: 詹联明 | C96: 56 | D96: stop from Apr 21 | G96: 229 | K96: 陈丽珍
B97: 黄小燕 | C97: 75 | D97: stop from Jul 22
B98: 李彩虹 | C98: 85 | D98: stop from Jan 23
B99: 李美燕 | C99: 109 | D99: stop from Nov-22
B100: 陈世海 | C100: 110 | D100: stop from Nov-22
B101: 黄微润 | C101: 182 | D101: stop from Jan 21
B102: 梁袁诚 | C102: 107 | D102: stop from Jul 23
B103: 黄仕章 | C103: 203 | D103: stop from Jan 24
B104: 许寛逸(俍富) | C104: 158 | D104: stop from Jul 23
B105: 李威康 | C105: 147 | D105: stop from Jan-24
B106: 陈吉珠 | C106: 108 | D106: stop from Jul-24
B107: 李涍萍 | C107: 144 | D107: stop from Jan-24
B108: 高渼惠 | C108: 124 | D108: stop from Jan-25
B109: 王万龄 | C109: 29 | D109: stop from Jan-26
B110: 陈淑心 | C110: 24 | D110: stop from Jan-26 | E110: (msg rec'd 08.Sep.25)

Sheet Feb-25
A5: 月费善款 收纳表/ Official Receipt Summary: | N5: 2025 年 2 月份 - HLB 05500129613
E6: 赞助的月份
E7: Payment for the month of | K7: 金额 Amount (RM)
A8: 日期 Date | B8: 收据编号 Official Receipt No | C8: 编号 No. | D8: 捐款人 姓名 Name | E8: START MONTH | F8: END MONTH | G8: REF. | K8: 现款 Cash | L8: 支票 Cheque | M8: 网上银行转账 Online Bank Transfer | N8: Bank-in Amount | O8: Bank-in Date | P8: 备注 Remark
A10: 02.02.2025 | B10: CHE 0001099 | C10: 43 | D10: 林德成 | E10: 45658 | F10: 45717 | G10: Jan-Mar-25 | H10: =DATEDIF(E10,F10,"M")+1 -> 3 | I10: 50 | J10: =H10*I10 -> 150 | K10: 150 | P10: Book No.22/122 | W10: 45536
B11: CHE 0001100 | D11: cancel | W11: 45566
A12: 04.02.2025 | B12: CHE 0001101 | C12: 183 | D12: 郭丽诗 | E12: 45658 | F12: 45778 | G12: Jan-May-25 | H12: =DATEDIF(E12,F12,"M")+1 -> 5 | I12: 50 | J12: =H12*I12 -> 250 | K12: 250 | P12: Book No.23/123 | W12: 45597
A13: 05.02.2025 | B13: CHE 0001102 | C13: 103 | D13: 林采谚 | E13: 45658 | F13: 45748 | G13: Jan-Apr-25 | H13: =DATEDIF(E13,F13,"M")+1 -> 4 | I13: 50 | J13: =H13*I13 -> 200 | K13: 200 | W13: 45627
A14: 06.02.2025 | B14: CHE 0001103 | C14: 199 | D14: 叶翠芬 | E14: 45658 | F14: 45689 | G14: Jan-Feb-25 | H14: =DATEDIF(E14,F14,"M")+1 -> 2 | I14: 50 | J14: =H14*I14 -> 100 | K14: 100 | W14: 45658
A15: 06.02.2025 | B15: CHE 0001104 | C15: 92 | D15: 叶碧玉 | E15: 45658 | F15: 45992 | G15: Jan-Dec-25 | H15: =DATEDIF(E15,F15,"M")+1 -> 12 | I15: 50 | J15: =H15*I15 -> 600 | K15: 600 | W15: 45689
A16: 06.02.2025 | B16: CHE 0001105 | C16: 167 | D16: 罗紫纶 | E16: 45658 | F16: 45992 | G16: Jan-Dec-25 | H16: =DATEDIF(E16,F16,"M")+1 -> 12 | I16: 50 | J16: =H16*I16 -> 600 | K16: 600 | W16: 45717
A17: 08.02.2025 | B17: CHE 0001106 | C17: 54 | D17: 黄丽玲 | E17: 45689 | F17: 45717 | G17: Feb-Mar25 | H17: =DATEDIF(E17,F17,"M")+1 -> 2 | I17: 50 | J17: =H17*I17 -> 100 | K17: 100 | W17: 45748
A18: 08.02.2025 | B18: CHE 0001107 | C18: 184 | D18: 赖奕坊 | E18: 45689 | F18: 45689 | G18: 45689 | H18: =DATEDIF(E18,F18,"M")+1 -> 1 | I18: 50 | J18: =H18*I18 -> 50 | K18: 50 | N18: =SUM(K10:K18) -> 2050 | O18: 15.02.2025 | W18: 45778
A19: 10.02.2025 | B19: CHE 0001108 | C19: 168 | D19: 王秋蓉 | E19: 45658 | F19: 45689 | G19: Jan-Feb-25 | H19: =DATEDIF(E19,F19,"M")+1 -> 2 | I19: 50 | J19: =H19*I19 -> 100 | K19: 100 | W19: 45809
A20: 12.02.2025 | B20: CHE 0001109 | C20: 96 | D20: 余丽苹 | E20: 45658 | F20: 45809 | G20: Jan-Jun-25 | H20: =DATEDIF(E20,F20,"M")+1 -> 6 | I20: 50 | J20: =H20*I20 -> 300 | K20: 300 | W20: 45839
A21: 12.02.2025 | B21: CHE 0001110 | C21: 33 | D21: 房薇玲 | E21: 45658 | F21: 45809 | G21: Jan-Jun-25 | H21: =DATEDIF(E21,F21,"M")+1 -> 6 | I21: 50 | J21: =H21*I21 -> 300 | K21: 300 | W21: 45870
A22: 12.02.2025 | B22: CHE 0001111 | C22: 132 | D22: 陈杍䍿 | E22: 45717 | F22: 45748 | G22: Mar-Apr-25 | H22: =DATEDIF(E22,F22,"M")+1 -> 2 | I22: 50 | J22: =H22*I22 -> 100 | K22: 100 | W22: 45901
A23: 12.02.2025 | B23: CHE 0001112 | C23: 223 | D23: 黄莉珍 | E23: 45717 | F23: 45748 | G23: Mar-Apr-25 | H23: =DATEDIF(E23,F23,"M")+1 -> 2 | I23: 50 | J23: =H23*I23 -> 100 | K23: 100 | N23: =SUM(K19:K23) -> 900 | O23: 16.02.2025 | W23: 45931
A24: 16.2.2025 | B24: CHE 0001113 | C24: 148 | D24: 黄玉莲 | E24: 45658 | F24: 45992 | G24: Jan-Dec-25 | H24: =DATEDIF(E24,F24,"M")+1 -> 12 | I24: 50 | J24: =H24*I24 -> 600 | K24: 600 | W24: 45962
A25: 21.2.2025 | B25: CHE 0001114 | C25: 208 | D25: 苏志伦 | E25: 45689 | F25: 45689 | G25: 45689 | H25: =DATEDIF(E25,F25,"M")+1 -> 1 | I25: 50 | J25: =H25*I25 -> 50 | K25: 50 | W25: 45992
A26: 23.2.2025 | B26: CHE 0001115 | C26: 195 | D26: 田玉美 | E26: 45658 | F26: 45992 | G26: Jan-Dec-25 | H26: =DATEDIF(E26,F26,"M")+1 -> 12 | I26: 50 | J26: =H26*I26 -> 600 | K26: 600 | W26: 46023
A27: 27.2.2025 | B27: CHE 0001116 | C27: 229 | D27: 陈丽珍 | E27: 45717 | F27: 45748 | G27: Mar-Apr-25 | H27: =DATEDIF(E27,F27,"M")+1 -> 2 | I27: 50 | J27: =H27*I27 -> 100 | K27: 100 | W27: 46054
A28: 28.2.2025 | B28: CHE 0001117 | C28: 164 | D28: 梁佩仪 | E28: 45658 | F28: 45748 | G28: Jan-Apr-25 | H28: =DATEDIF(E28,F28,"M")+1 -> 4 | I28: 50 | J28: =H28*I28 -> 200 | K28: 200 | N28: =SUM(K24:K28) -> 1550 | O28: 04.03.2025 | P28: Book No.23/123 | W28: 46082
W29: 46113
W30: 46143
W31: 46174
W32: 46204
A33: 02.02.2025 | B33: CHE0001217 | C33: 160 | D33: 郑筱頵 | E33: 45717 | F33: 45992 | G33: Mar-Dec-25 | H33: =DATEDIF(E33,F33,"M")+1 -> 10 | I33: 50 | J33: =H33*I33 -> 500 | M33: 500 | O33: Book No.125 | P33: BT | Q33: Chang Sau Cheen | W33: 46235
A34: 03.02.2025 | B34: CHE0001218 | C34: 102 | D34: 戴川风 | E34: 45658 | F34: 45689 | G34: Jan-Feb-25 | H34: =DATEDIF(E34,F34,"M")+1 -> 2 | I34: 50 | J34: =H34*I34 -> 100 | M34: 100 | P34: ATM | W34: 46266
A35: 03.02.2025 | B35: CHE0001219 | C35: 116 | D35: 李薇薇 | E35: 45689 | F35: 45689 | G35: 45689 | H35: =DATEDIF(E35,F35,"M")+1 -> 1 | I35: 50 | J35: =H35*I35 -> 50 | M35: 50 | P35: BT | Q35: Lee Wei Wei | W35: 46296
A36: 03.02.2025 | B36: CHE0001220 | C36: 117 | D36: 张志文 | E36: 45689 | F36: 45689 | G36: 45689 | H36: =DATEDIF(E36,F36,"M")+1 -> 1 | I36: 50 | J36: =H36*I36 -> 50 | M36: 50 | P36: BT | Q36: Chong Chee Wen | W36: 46327
A37: 05.02.2025 | B37: CHE0001221 | C37: 52 | D37: 陈宝蓉 | E37: 45658 | F37: 45689 | G37: Jan-Feb-25 | H37: =DATEDIF(E37,F37,"M")+1 -> 2 | I37: 50 | J37: =H37*I37 -> 100 | M37: 100 | P37: BT | Q37: Tan Poh Yong | W37: 46357
A38: 07.02.2025 | B38: CHE0001222 | C38: 40 | D38: Hoo Mei Sing | E38: 45748 | F38: 45839 | G38: Apr-Jul25 | H38: =DATEDIF(E38,F38,"M")+1 -> 4 | I38: 50 | J38: =H38*I38 -> 200 | M38: 200 | P38: BT | Q38: Ho Mei Sing | W38: 46388
A39: 10.02.2025 | B39: CHE0001223 | C39: 6 | D39: 张婷奕 | E39: 45658 | F39: 45992 | G39: Jan-Dec-25 | H39: =DATEDIF(E39,F39,"M")+1 -> 12 | I39: 50 | J39: =H39*I39 -> 600 | M39: 600 | P39: BT | Q39: Chong Sue Mei
A40: 15.02.2025 | B40: CHE0001224 | C40: 212 | D40: 许愫苓 | E40: 45566 | F40: 45717 | G40: Oct-24-Mar-25 | H40: =DATEDIF(E40,F40,"M")+1 -> 6 | I40: 50 | J40: =H40*I40 -> 300 | M40: 300 | P40: BT | Q40: Khoo Su Chin
A41: 15.02.2025 | B41: CHE0001225 | C41: 25 | D41: 何艺寿 | E41: 45689 | F41: 46023 | G41: Feb-25-Jan-26 | H41: =DATEDIF(E41,F41,"M")+1 -> 12 | I41: 50 | J41: =H41*I41 -> 600 | M41: 600 | P41: BT | Q41: Hoo Yoke Saw
A42: 17.02.2025 | B42: CHE0001226 | C42: 24 | D42: 陈淑心 | E42: 45658 | F42: 45717 | G42: Jan-Mar-25 | H42: =DATEDIF(E42,F42,"M")+1 -> 3 | I42: 50 | J42: =H42*I42 -> 150 | M42: 150 | P42: BT | Q42: Chan Sook Ling
A43: 22.02.2025 | B43: CHE0001227 | C43: 137 | D43: 赖美珍 | E43: 45689 | F43: 45689 | G43: 45689 | H43: =DATEDIF(E43,F43,"M")+1 -> 1 | I43: 50 | J43: =H43*I43 -> 50 | M43: 50 | P43: ATM
A44: 28.02.2025 | B44: CHE0001228 | C44: 80 | D44: 黄淑芬 | E44: 45717 | F44: 45717 | G44: 45717 | H44: =DATEDIF(E44,F44,"M")+1 -> 1 | I44: 50 | J44: =H44*I44 -> 50 | M44: 50 | P44: BT | Q44: Wong Su Fong
A45: 28.02.2025 | B45: CHE0001229 | C45: 224 | D45: 黄文胜 | E45: 45717 | F45: 45717 | G45: 45717 | H45: =DATEDIF(E45,F45,"M")+1 -> 1 | I45: 50 | J45: =H45*I45 -> 50 | M45: 50 | P45: BT | Q45: Wong Su Fong
A46: 28.02.2025 | B46: CHE0001230 | C46: 17 | D46: 王婉娟 | E46: 45658 | F46: 45809 | G46: Jan-Jun-25 | H46: =DATEDIF(E46,F46,"M")+1 -> 6 | I46: 50 | J46: =H46*I46 -> 300 | M46: 300 | O46: Book No.125 | P46: BT | Q46: Ong Wan Kien
A48: 06.04.2024 | L48: 50 | Q48: ???
K52: =SUM(K9:K50) -> 4500 | L52: =SUM(L9:L50) -> 50 | M52: =SUM(M9:M50) -> 3100 | N52: =SUM(N9:N50) -> 4500
N53: =N52-K52 -> 0

Sheet Mar-25
A5: 月费善款 收纳表/ Official Receipt Summary: | N5: 2025 年 3 月份 - HLB 05500129613
E6: 赞助的月份
E7: Payment for the month of | K7: 金额 Amount (RM)
A8: 日期 Date | B8: 收据编号 Official Receipt No | C8: 编号 No. | D8: 捐款人 姓名 Name | E8: START MONTH | F8: END MONTH | G8: REF. | K8: 现款 Cash | L8: 支票 Cheque | M8: 网上银行转账 Online Bank Transfer | N8: Bank-in Amount | O8: Bank-in Date | P8: 备注 Remark
A10: 01.03.2025 | B10: CHE 0001118 | C10: 186 | D10: 刘玉云 | E10: 45717 | F10: 45748 | G10: Mar-Apr-25 | H10: =DATEDIF(E10,F10,"M")+1 -> 2 | I10: 50 | J10: =H10*I10 -> 100 | K10: 100 | P10: Book No.23/123 | W10: 45536
A11: 02.03.2025 | B11: CHE 0001119 | C11: 114 | D11: 刁修淋 | E11: 45717 | F11: 45748 | G11: Mar-Apr-25 | H11: =DATEDIF(E11,F11,"M")+1 -> 2 | I11: 50 | J11: =H11*I11 -> 100 | K11: 100 | W11: 45566
A12: 03.03.2025 | B12: CHE 0001120 | C12: 181 | D12: 陈金清 | E12: 45717 | F12: 45748 | G12: Mar-Apr-25 | H12: =DATEDIF(E12,F12,"M")+1 -> 2 | I12: 50 | J12: =H12*I12 -> 100 | K12: 100 | W12: 45597
A13: 03.03.2025 | B13: CHE 0001121 | C13: 170 | D13: 陈柔霓 | E13: 45717 | F13: 45748 | G13: Mar-Apr-25 | H13: =DATEDIF(E13,F13,"M")+1 -> 2 | I13: 50 | J13: =H13*I13 -> 100 | K13: 100 | W13: 45627
A14: 03.03.2025 | B14: CHE 0001122 | C14: 177 | D14: 陈桂香 | E14: 45748 | F14: 45809 | G14: Apr-Jun-25 | H14: =DATEDIF(E14,F14,"M")+1 -> 3 | I14: 50 | J14: =H14*I14 -> 150 | K14: 150 | N14: =SUM(K10:K14) -> 550 | O14: 14.03.2025 | W14: 45658
A15: 10.3.2025 | B15: CHE 0001123 | C15: 208 | D15: 萧志伦 | E15: 45717 | F15: 45717 | G15: 45717 | H15: =DATEDIF(E15,F15,"M")+1 -> 1 | I15: 50 | J15: =H15*I15 -> 50 | K15: 50 | W15: 45689
A16: 14.03.2025 | B16: CHE 0001124 | C16: 227 | D16: 丘桂盈 | E16: 45839 | F16: 45992 | G16: July-Dec-25 | H16: =DATEDIF(E16,F16,"M")+1 -> 6 | I16: 50 | J16: =H16*I16 -> 300 | K16: 300 | W16: 45717
A17: 14.03.2025 | B17: CHE 0001125 | C17: 99 | D17: 吴毓遴 | E17: 45717 | F17: 45748 | G17: Mar-Apr-25 | H17: =DATEDIF(E17,F17,"M")+1 -> 2 | I17: 50 | J17: =H17*I17 -> 100 | K17: 100 | W17: 45748
A18: 18.03.2025 | B18: CHE 0001126 | C18: 136 | D18: 赖宝珍 | E18: 45658 | F18: 45809 | G18: Jan-June-25 | H18: =DATEDIF(E18,F18,"M")+1 -> 6 | I18: 50 | J18: =H18*I18 -> 300 | K18: 300 | W18: 45778
A19: 18.03.2025 | B19: CHE 0001127 | C19: 180 | D19: 蔡健铭 | E19: 45658 | F19: 45717 | G19: Jan-Mar-25 | H19: =DATEDIF(E19,F19,"M")+1 -> 3 | I19: 50 | J19: =H19*I19 -> 150 | K19: 150 | W19: 45809
A20: 18.03.2025 | B20: CHE 0001128 | C20: 72 | D20: 何月琼 | E20: 45658 | F20: 45717 | G20: Jan-Mar-25 | H20: =DATEDIF(E20,F20,"M")+1 -> 3 | I20: 50 | J20: =H20*I20 -> 150 | K20: 150 | W20: 45839
A21: 18.03.2025 | B21: CHE 0001129 | C21: 86 | D21: 蔡祥贤 | E21: 45658 | F21: 45717 | G21: Jan-Mar-25 | H21: =DATEDIF(E21,F21,"M")+1 -> 3 | I21: 50 | J21: =H21*I21 -> 150 | K21: 150 | W21: 45870
A22: 18.03.2025 | B22: CHE 0001130 | C22: 214 | D22: 苏素禛 | E22: 45748 | F22: 45809 | G22: Apr-Jun-25 | H22: =DATEDIF(E22,F22,"M")+1 -> 3 | I22: 50 | J22: =H22*I22 -> 150 | K22: 150 | W22: 45901
A23: 18.03.2025 | B23: CHE 0001131 | C23: 184 | D23: 赖奕坊 | E23: 45717 | F23: 45717 | G23: 45717 | H23: =DATEDIF(E23,F23,"M")+1 -> 1 | I23: 50 | J23: =H23*I23 -> 50 | K23: 50 | W23: 45931
A24: 22.03.2025 | B24: CHE 0001132 | C24: 134 | D24: 黄丽萍 | E24: 45658 | F24: 45809 | G24: Jan-Jun-25 | H24: =DATEDIF(E24,F24,"M")+1 -> 6 | I24: 50 | J24: =H24*I24 -> 300 | K24: 300 | W24: 45962
A25: 22.03.2025 | B25: CHE 0001133 | C25: 135 | D25: 刘永耀 | E25: 45658 | F25: 45809 | G25: Jan-Jun-25 | H25: =DATEDIF(E25,F25,"M")+1 -> 6 | I25: 50 | J25: =H25*I25 -> 300 | K25: 300 | W25: 45992
A26: 29.03.2025 | B26: CHE 0001134 | C26: 164 | D26: 梁佩仪 | E26: 45778 | F26: 45992 | G26: May-Dec-25 | H26: =DATEDIF(E26,F26,"M")+1 -> 8 | I26: 50 | J26: =H26*I26 -> 400 | K26: 400 | N26: =SUM(K15:K26) -> 2400 | O26: 08.04.2025 | W26: 46023
W27: 46054
W28: 46082
W29: 46113
W30: 46143
W31: 46174
W32: 46204
W33: 46235
W34: 46266
A35: 01.03.2025 | B35: CHE0001231 | C35: 14 | D35: 廖佳韵 | E35: 45597 | F35: 45748 | G35: Nov-24-Apr-25 | H35: =DATEDIF(E35,F35,"M")+1 -> 6 | I35: 50 | J35: =H35*I35 -> 300 | M35: 300 | O35: Book No.125 | P35: BT | Q35: Lian Jia Yin | W35: 46296
A36: 02.03.2025 | B36: CHE0001232 | C36: 116 | D36: 李薇薇 | E36: 45717 | F36: 45717 | G36: 45717 | H36: =DATEDIF(E36,F36,"M")+1 -> 1 | I36: 50 | J36: =H36*I36 -> 50 | M36: 50 | P36: BT | Q36: Lee Wei Wei | W36: 46327
A37: 02.03.2025 | B37: CHE0001233 | C37: 117 | D37: 张志文 | E37: 45717 | F37: 45717 | G37: 45717 | H37: =DATEDIF(E37,F37,"M")+1 -> 1 | I37: 50 | J37: =H37*I37 -> 50 | M37: 50 | P37: BT | Q37: Chong Chee Wen | W37: 46357
A38: 02.03.2025 | B38: CHE0001234 | C38: 162 | D38: 方惠贤 | E38: 45717 | F38: 45748 | G38: Mar-Apr-25 | H38: =DATEDIF(E38,F38,"M")+1 -> 2 | I38: 50 | J38: =H38*I38 -> 100 | M38: 100 | P38: BT | Q38: Fong Fui Ying | W38: 46388
A39: 03.03.2025 | B39: CHE0001235 | C39: 123 | D39: 黄丽娟 | E39: 45717 | F39: 45748 | G39: Mar-Apr-25 | H39: =DATEDIF(E39,F39,"M")+1 -> 2 | I39: 50 | J39: =H39*I39 -> 100 | M39: 100 | P39: BT | Q39: Wong Lee Ken
A40: 05.03.2025 | B40: CHE0001236 | C40: 40 | D40: Hoo Mei Sing | E40: 45870 | F40: 45931 | G40: Aug-Oct25 | H40: =DATEDIF(E40,F40,"M")+1 -> 3 | I40: 50 | J40: =H40*I40 -> 150 | M40: 150 | P40: BT | Q40: Hoo Mei Sing
A41: 07.03.2025 | B41: CHE0001237 | C41: 104 | D41: 连美丽 | E41: 45717 | F41: 45748 | G41: Mar-Apr-25 | H41: =DATEDIF(E41,F41,"M")+1 -> 2 | I41: 50 | J41: =H41*I41 -> 100 | M41: 100 | P41: BT | Q41: Lien Mei Li
A42: 09.3.2025 | B42: CHE0001238 | C42: 137 | D42: 赖美珍 | E42: 45717 | F42: 45717 | G42: 45717 | H42: =DATEDIF(E42,F42,"M")+1 -> 1 | I42: 50 | J42: =H42*I42 -> 50 | M42: 50 | P42: CDM
A43: 09.03.2025 | B43: CHE0001239 | C43: 155 | D43: 李宝珠 | E43: 45717 | F43: 45748 | G43: Mar-Apr-25 | H43: =DATEDIF(E43,F43,"M")+1 -> 2 | I43: 50 | J43: =H43*I43 -> 100 | M43: 100 | P43: BT | Q43: Wee Mun Kuan
A44: 09.03.2025 | B44: CHE0001240 | C44: 87 | D44: 叶碧燕 | E44: 45658 | F44: 45992 | G44: Jan-Dec25 | H44: =DATEDIF(E44,F44,"M")+1 -> 12 | I44: 50 | J44: =H44*I44 -> 600 | M44: 600 | P44: BT | Q44: Yap Pik Yin
A45: 13.03.2025 | B45: CHE0001241 | C45: 139 | D45: 黄宝芝 | E45: 45658 | F45: 45992 | G45: Jan-Dec25 | H45: =DATEDIF(E45,F45,"M")+1 -> 12 | I45: 50 | J45: =H45*I45 -> 600 | M45: 600 | P45: BT | Q45: Shereen Wong Poh Chee
A46: 13.03.2025 | B46: CHE0001242 | C46: 61 | D46: 黄素彬 | E46: 45839 | F46: 46174 | G46: Jan-Dec25 | H46: =DATEDIF(E46,F46,"M")+1 -> 12 | I46: 50 | J46: =H46*I46 -> 600 | M46: 600 | P46: BT | Q46: Shereen Wong Poh Chee for Adelynn
A47: 14.03.2025 | B47: CHE0001243 | C47: 54 | D47: 黄丽玲 | E47: 45748 | F47: 46023 | G47: Apr25-Jan26 | H47: =DATEDIF(E47,F47,"M")+1 -> 10 | I47: 50 | J47: =H47*I47 -> 500 | M47: 500 | P47: BT | Q47: Wong Lee Ling
A48: 15.03.2025 | B48: CHE0001244 | C48: 145 | D48: 许俊豪 | E48: 45658 | F48: 45748 | G48: Jan-Apr25 | H48: =DATEDIF(E48,F48,"M")+1 -> 4 | I48: 50 | J48: =H48*I48 -> 200 | M48: 200 | P48: BT | Q48: Khor Chun Hoe
A49: 21.03.2025 | B49: CHE0001245 | C49: 13 | D49: 黄慧霞 | E49: 45717 | F49: 45992 | G49: Mar-Dec25 | H49: =DATEDIF(E49,F49,"M")+1 -> 10 | I49: 50 | J49: =H49*I49 -> 500 | M49: 500 | P49: BT | Q49: Wong Wei Ha
A50: 26.03.2025 | B50: CHE0001246 | C50: 128 | D50: 萧势镪 | E50: 45748 | F50: 45901 | G50: Apr-Sep25 | H50: =DATEDIF(E50,F50,"M")+1 -> 6 | I50: 50 | J50: =H50*I50 -> 300 | M50: 300 | P50: BT | Q50: Saw See Keong
A51: 29.03.2025 | B51: CHE0001247 | C51: 80 | D51: 黄淑芬 | E51: 45748 | F51: 45748 | G51: 45748 | H51: =DATEDIF(E51,F51,"M")+1 -> 1 | I51: 50 | J51: =H51*I51 -> 50 | M51: 50 | P51: BT | Q51: Wong Su Fong
A52: 29.03.2025 | B52: CHE0001248 | C52: 224 | D52: 黄文胜 | E52: 45748 | F52: 45748 | G52: 45748 | H52: =DATEDIF(E52,F52,"M")+1 -> 1 | I52: 50 | J52: =H52*I52 -> 50 | M52: 50
A53: 29.03.2025 | B53: CHE0001249 | C53: 175 | D53: 洪鼎惟 | E53: 45717 | F53: 45717 | G53: 45717 | H53: =DATEDIF(E53,F53,"M")+1 -> 1 | I53: 50 | J53: =H53*I53 -> 50 | M53: 50 | O53: Book No.125 | P53: BT | Q53: Hoon Teng Hui
H54: =DATEDIF(E54,F54,"M")+1 -> 1 | I54: 50 | J54: =H54*I54 -> 50
H55: =DATEDIF(E55,F55,"M")+1 -> 1 | I55: 50 | J55: =H55*I55 -> 50
H56: =DATEDIF(E56,F56,"M")+1 -> 1 | I56: 50 | J56: =H56*I56 -> 50
H57: =DATEDIF(E57,F57,"M")+1 -> 1 | I57: 50 | J57: =H57*I57 -> 50
H58: =DATEDIF(E58,F58,"M")+1 -> 1 | I58: 50 | J58: =H58*I58 -> 50
H59: =DATEDIF(E59,F59,"M")+1 -> 1 | I59: 50 | J59: =H59*I59 -> 50
H60: =DATEDIF(E60,F60,"M")+1 -> 1 | I60: 50 | J60: =H60*I60 -> 50
H61: =DATEDIF(E61,F61,"M")+1 -> 1 | I61: 50 | J61: =H61*I61 -> 50
H62: =DATEDIF(E62,F62,"M")+1 -> 1 | I62: 50 | J62: =H62*I62 -> 50
H63: =DATEDIF(E63,F63,"M")+1 -> 1 | I63: 50 | J63: =H63*I63 -> 50
H64: =DATEDIF(E64,F64,"M")+1 -> 1 | I64: 50 | J64: =H64*I64 -> 50
H65: =DATEDIF(E65,F65,"M")+1 -> 1 | I65: 50 | J65: =H65*I65 -> 50
K67: =SUM(K9:K65) -> 2950 | L67: =SUM(L9:L65) -> 0 | M67: =SUM(M9:M65) -> 4450 | N67: =SUM(N9:N65) -> 2950
N68: =N67-K67 -> 0

Sheet Apr-25
AI4: 2025 年 4 月份 - HLB 05500129613
A5: 月费善款 收纳表/ Official Receipt Summary: | E5: 赞助的月份
E6: Payment for the month of | AE6: 金额 Amount (RM) | AI6: ** CDM : Cash Deposit Machine
A7: 日期 Date | B7: 收据编号 Official Receipt No | C7: 月费号码 | D7: 捐款人 姓名 Name | E7: START MONTH | F7: END MONTH | G7: REF. | H7: No.of Month | I7: 月费 | K7: 45566 | L7: 45597 | M7: 45627 | N7: JAN | O7: FEB | P7: MAR | Q7: APR | R7: MAY | S7: JUN | T7: JUL | U7: AUG | V7: SEP | W7: OCT | X7: NOV | Y7: DEC | Z7: 45658 | AA7: 45689 | AB7: 45717 | AC7: No.of Month | AD7: 月费 | AE7: 现款 Cash | AF7: 支票 Cheque | AG7: 网上银行转账 Online Bank Transfer | AH7: CDM SEQ | AI7: (CDM) Bank-in Amount | AJ7: (CDM) Bank-in Date | AK7: 备注 Remark
AE8: RM | AF8: RM
A9: 45748 | B9: CHE 0001135 | C9: 137 | D9: =VLOOKUP(C9,'MASTER Name List'!$B$3:$M$186,2,FALSE) -> 赖美珍 | E9: 45748 | F9: 45748 | G9: 45748 | H9: =DATEDIF(E9,F9,"M")+1 -> 1 | I9: 50 | J9: =H9*I9 -> 50 | Q9: X | AC9: =COUNTIF($K9:$AB9,"X") & "" -> 1 | AD9: 50 | AE9: =COUNTIF($K9:$AB9,"X")*$AD9 -> 50 | AH9: 1 | AK9: 123
A10: 45749 | B10: CHE 0001136 | C10: 4 | D10: =VLOOKUP(C10,'MASTER Name List'!$B$3:$M$186,2,FALSE) -> 邹运金 | E10: 45717 | F10: 45748 | G10: Mar-Apr-25 | H10: =DATEDIF(E10,F10,"M")+1 -> 2 | I10: 50 | J10: =H10*I10 -> 100 | P10: X | Q10: X | AC10: =COUNTIF($K10:$AB10,"X") & "" -> 2 | AD10: 50 | AE10: =COUNTIF($K10:$AB10,"X")*$AD10 -> 100 | AH10: 1
A11: 45755 | B11: CHE 0001137 | C11: 132 | D11: =VLOOKUP(C11,'MASTER Name List'!$B$3:$M$186,2,FALSE) -> 陈杍䍿 | E11: 45778 | F11: 45778 | G11: 45778 | H11: =DATEDIF(E11,F11,"M")+1 -> 1 | I11: 50 | J11: =H11*I11 -> 50 | R11: X | AC11: =COUNTIF($K11:$AB11,"X") & "" -> 1 | AD11: 50 | AE11: =COUNTIF($K11:$AB11,"X")*$AD11 -> 50 | AH11: 1 | AP11: 45536
A12: 45759 | B12: CHE 0001138 | C12: 69 | D12: =VLOOKUP(C12,'MASTER Name List'!$B$3:$M$186,2,FALSE) -> 卢锭伟 | E12: 45839 | F12: 45992 | G12: Jul-Dec-25 | H12: =DATEDIF(E12,F12,"M")+1 -> 6 | I12: 50 | J12: =H12*I12 -> 300 | T12: X | U12: X | V12: X | W12: X | X12: X | Y12: X | AC12: =COUNTIF($K12:$AB12,"X") & "" -> 6 | AD12: 50 | AE12: =COUNTIF($K12:$AB12,"X")*$AD12 -> 300 | AH12: 1 | AI12: =SUMIF(AH:AH,"1",AE:AE) -> 500 | AJ12: 21.04.2025 | AP12: 45566
A13: 45763 | B13: CHE 0001139 | C13: 43 | D13: =VLOOKUP(C13,'MASTER Name List'!$B$3:$M$186,2,FALSE) -> 林德成 | E13: 45748 | F13: 45809 | G13: Apr-Jun'25 | H13: =DATEDIF(E13,F13,"M")+1 -> 3 | I13: 50 | J13: =H13*I13 -> 150 | Q13: X | R13: X | S13: X | AC13: =COUNTIF($K13:$AB13,"X") & "" -> 3 | AD13: 50 | AE13: =COUNTIF($K13:$AB13,"X")*$AD13 -> 150 | AH13: 2 | AP13: 45597
A14: 45769 | B14: CHE 0001140 | C14: 185 | D14: =VLOOKUP(C14,'MASTER Name List'!$B$3:$M$186,2,FALSE) -> 羅梅瑂 | E14: 45717 | F14: 45809 | G14: Mar-Jun'25 | H14: =DATEDIF(E14,F14,"M")+1 -> 4 | I14: 50 | J14: =H14*I14 -> 200 | P14: X | Q14: X | R14: X | S14: X | AC14: =COUNTIF($K14:$AB14,"X") & "" -> 4 | AD14: 50 | AE14: =COUNTIF($K14:$AB14,"X")*$AD14 -> 200 | AH14: 2 | AP14: 45627
A15: 45770 | B15: CHE 0001141 | C15: 126 | D15: =VLOOKUP(C15,'MASTER Name List'!$B$3:$M$186,2,FALSE) -> 张凤 | E15: 45748 | F15: 45809 | G15: Apr-Jun'25 | H15: =DATEDIF(E15,F15,"M")+1 -> 3 | I15: 50 | J15: =H15*I15 -> 150 | Q15: X | R15: X | S15: X | AC15: =COUNTIF($K15:$AB15,"X") & "" -> 3 | AD15: 50 | AE15: =COUNTIF($K15:$AB15,"X")*$AD15 -> 150 | AH15: 2 | AP15: 45658
A16: 45772 | B16: CHE 0001142 | C16: 168 | D16: =VLOOKUP(C16,'MASTER Name List'!$B$3:$M$186,2,FALSE) -> 王秋蓉 | E16: 45717 | F16: 45748 | G16: Mar-Apr-25 | H16: =DATEDIF(E16,F16,"M")+1 -> 2 | I16: 50 | J16: =H16*I16 -> 100 | P16: X | Q16: X | AC16: =COUNTIF($K16:$AB16,"X") & "" -> 2 | AD16: 50 | AE16: =COUNTIF($K16:$AB16,"X")*$AD16 -> 100 | AH16: 2 | AI16: =SUMIF(AH:AH,"2",AE:AE) -> 600 | AJ16: 28.04.2025 | AP16: 45689
A17: 45775 | B17: CHE 0001143 | C17: 178 | D17: =VLOOKUP(C17,'MASTER Name List'!$B$3:$M$186,2,FALSE) -> 颜美葒 | E17: 45748 | F17: 45809 | G17: Apr-Jun'25 | H17: =DATEDIF(E17,F17,"M")+1 -> 3 | I17: 50 | J17: =H17*I17 -> 150 | Q17: X | R17: X | S17: X | AC17: =COUNTIF($K17:$AB17,"X") & "" -> 3 | AD17: 50 | AE17: =COUNTIF($K17:$AB17,"X")*$AD17 -> 150 | AH17: 3 | AP17: 45717
A18: 45775 | B18: CHE 0001144 | C18: 131 | D18: =VLOOKUP(C18,'MASTER Name List'!$B$3:$M$186,2,FALSE) -> 王康芬 | E18: 45748 | F18: 45778 | G18: Apr-May'25 | H18: =DATEDIF(E18,F18,"M")+1 -> 2 | I18: 50 | J18: =H18*I18 -> 100 | Q18: X | R18: X | AC18: =COUNTIF($K18:$AB18,"X") & "" -> 2 | AD18: 50 | AE18: =COUNTIF($K18:$AB18,"X")*$AD18 -> 100 | AH18: 3 | AI18: =SUMIF(AH:AH,"3",AE:AE) -> 250 | AJ18: 19.05.2025 | AP18: 45748
D19: =VLOOKUP(C19,'MASTER Name List'!$B$3:$M$186,2,FALSE) -> #N/A | H19: =DATEDIF(E19,F19,"M")+1 -> 1 | I19: 50 | J19: =H19*I19 -> 50 | AC19: =COUNTIF($K19:$AB19,"X") & "" -> 0 | AD19: 50 | AE19: =COUNTIF($K19:$AB19,"X")*$AD19 -> 0 | AP19: 45778
D20: =VLOOKUP(C20,'MASTER Name List'!$B$3:$M$186,2,FALSE) -> #N/A | H20: =DATEDIF(E20,F20,"M")+1 -> 1 | I20: 50 | J20: =H20*I20 -> 50 | AC20: =COUNTIF($K20:$AB20,"X") & "" -> 0 | AD20: 50 | AE20: =COUNTIF($K20:$AB20,"X")*$AD20 -> 0 | AP20: 45809
D21: =VLOOKUP(C21,'MASTER Name List'!$B$3:$M$186,2,FALSE) -> #N/A | H21: =DATEDIF(E21,F21,"M")+1 -> 1 | I21: 50 | J21: =H21*I21 -> 50 | AC21: =COUNTIF($K21:$AB21,"X") & "" -> 0 | AD21: 50 | AE21: =COUNTIF($K21:$AB21,"X")*$AD21 -> 0 | AP21: 45839
D22: =VLOOKUP(C22,'MASTER Name List'!$B$3:$M$186,2,FALSE) -> #N/A | H22: =DATEDIF(E22,F22,"M")+1 -> 1 | I22: 50 | J22: =H22*I22 -> 50 | AP22: 45870
D23: =VLOOKUP(C23,'MASTER Name List'!$B$3:$M$186,2,FALSE) -> #N/A | H23: =DATEDIF(E23,F23,"M")+1 -> 1 | I23: 50 | J23: =H23*I23 -> 50 | AP23: 45901
H24: =DATEDIF(E24,F24,"M")+1 -> 1 | I24: 50 | J24: =H24*I24 -> 50 | AP24: 45931
B25: BANK IN | H25: =DATEDIF(E25,F25,"M")+1 -> 1 | I25: 50 | J25: =H25*I25 -> 50 | AP25: 45962
A26: 45748 | B26: CHE0001250 | C26: 116 | D26: =VLOOKUP(C26,'MASTER Name List'!$B$3:$M$186,2,FALSE) -> 李薇薇 | E26: 45748 | F26: 45748 | G26: Apr'25 | H26: =DATEDIF(E26,F26,"M")+1 -> 1 | I26: 50 | J26: =H26*I26 -> 50 | Q26: X | AC26: =COUNTIF($K26:$AB26,"X") & "" -> 1 | AD26: 50 | AG26: =COUNTIF($K26:$AB26,"X")*$AD26 -> 50 | AJ26: Book No.125 | AK26: BT | AL26: Lee Wei Wei | AP26: 45992
A27: 45749 | B27: CHE0001301 | C27: 117 | D27: =VLOOKUP(C27,'MASTER Name List'!$B$3:$M$186,2,FALSE) -> 张志文 | E27: 45748 | F27: 45748 | G27: Apr'25 | H27: =DATEDIF(E27,F27,"M")+1 -> 1 | I27: 50 | J27: =H27*I27 -> 50 | Q27: X | AC27: =COUNTIF($K27:$AB27,"X") & "" -> 1 | AD27: 50 | AG27: =COUNTIF($K27:$AB27,"X")*$AD27 -> 50 | AJ27: Book No.127 | AK27: BT | AL27: Lee Wei Wei / Chong Chee Wen | AP27: 46023
A28: 45749 | B28: CHE0001302 | C28: 173 | D28: =VLOOKUP(C28,'MASTER Name List'!$B$3:$M$186,2,FALSE) -> 张杍䌻 | E28: 45689 | F28: 45839 | G28: Feb - Jul'25 | H28: =DATEDIF(E28,F28,"M")+1 -> 6 | I28: 50 | J28: =H28*I28 -> 300 | O28: X | P28: X | Q28: X | R28: X | S28: X | T28: X | AC28: =COUNTIF($K28:$AB28,"X") & "" -> 6 | AD28: 50 | AG28: =COUNTIF($K28:$AB28,"X")*$AD28 -> 300 | AK28: BT | AL28: Florence Chong / Chong Nyok Moi | AP28: 46054
A29: 45753 | B29: CHE0001303 | C29: 162 | D29: =VLOOKUP(C29,'MASTER Name List'!$B$3:$M$186,2,FALSE) -> 方惠贤 | E29: 45778 | F29: 45809 | G29: May, Jun'25 | H29: =DATEDIF(E29,F29,"M")+1 -> 2 | I29: 50 | J29: =H29*I29 -> 100 | R29: X | S29: X | AC29: =COUNTIF($K29:$AB29,"X") & "" -> 2 | AD29: 50 | AG29: =COUNTIF($K29:$AB29,"X")*$AD29 -> 100 | AK29: BT | AL29: Fong Fui Ying | AP29: 46082
A30: 45754 | B30: CHE0001304 | C30: 172 | D30: =VLOOKUP(C30,'MASTER Name List'!$B$3:$M$186,2,FALSE) -> 蔡均镅 | E30: 45717 | F30: 45748 | G30: Mar, Apr'25 | H30: =DATEDIF(E30,F30,"M")+1 -> 2 | I30: 50 | J30: =H30*I30 -> 100 | P30: X | Q30: X | AC30: =COUNTIF($K30:$AB30,"X") & "" -> 2 | AD30: 50 | AG30: =COUNTIF($K30:$AB30,"X")*$AD30 -> 100 | AK30: BT | AL30: Chua Jiun Mei | AP30: 46113
A31: 45755 | B31: CHE0001305 | C31: 40 | D31: =VLOOKUP(C31,'MASTER Name List'!$B$3:$M$186,2,FALSE) -> 何梅歆 | E31: 45962 | F31: 45992 | G31: Nov, Dec'25 | H31: =DATEDIF(E31,F31,"M")+1 -> 2 | I31: 50 | J31: =H31*I31 -> 100 | X31: X | Y31: X | AC31: =COUNTIF($K31:$AB31,"X") & "" -> 2 | AD31: 50 | AG31: =COUNTIF($K31:$AB31,"X")*$AD31 -> 100 | AK31: BT | AL31: Hoo Mei Sing | AP31: 46143
A32: 45759 | B32: CHE0001306 | C32: 175 | D32: =VLOOKUP(C32,'MASTER Name List'!$B$3:$M$186,2,FALSE) -> 洪鼎惟 | E32: 45748 | F32: 45748 | G32: Apr'25 | H32: =DATEDIF(E32,F32,"M")+1 -> 1 | I32: 50 | J32: =H32*I32 -> 50 | Q32: X | AC32: =COUNTIF($K32:$AB32,"X") & "" -> 1 | AD32: 50 | AG32: =COUNTIF($K32:$AB32,"X")*$AD32 -> 50 | AK32: BT | AL32: Hoon Teng Hui | AP32: 46174
A33: 45760 | B33: CHE0001307 | C33: 130 | D33: =VLOOKUP(C33,'MASTER Name List'!$B$3:$M$186,2,FALSE) -> 王丽珠 | E33: 45597 | F33: 45778 | G33: Nov'24-May'25 | H33: =DATEDIF(E33,F33,"M")+1 -> 7 | I33: 50 | J33: =H33*I33 -> 350 | L33: X | M33: X | N33: X | O33: X | P33: X | Q33: X | R33: X | AC33: =COUNTIF($K33:$AB33,"X") & "" -> 7 | AD33: 50 | AG33: =COUNTIF($K33:$AB33,"X")*$AD33 -> 350 | AK33: BT | AL33: Wong Lay Choo | AP33: 46204
A34: 45761 | B34: CHE0001308 | C34: 52 | D34: =VLOOKUP(C34,'MASTER Name List'!$B$3:$M$186,2,FALSE) -> 陈宝蓉 | E34: 45717 | F34: 45748 | G34: Mar_Apr25 | H34: =DATEDIF(E34,F34,"M")+1 -> 2 | I34: 50 | J34: =H34*I34 -> 100 | P34: X | Q34: X | AC34: =COUNTIF($K34:$AB34,"X") & "" -> 2 | AD34: 50 | AG34: =COUNTIF($K34:$AB34,"X")*$AD34 -> 100 | AK34: BT | AL34: Tan Poh Yong | AP34: 46235
A35: 45769 | B35: CHE0001309 | C35: 94 | D35: =VLOOKUP(C35,'MASTER Name List'!$B$3:$M$186,2,FALSE) -> 余合福 | E35: 45839 | F35: 46174 | G35: Jul25_Jun26 | H35: =DATEDIF(E35,F35,"M")+1 -> 12 | I35: 50 | J35: =H35*I35 -> 600 | T35: X | U35: X | V35: X | W35: X | X35: X | Y35: X | Z35: X | AA35: X | AB35: X | AC35: =COUNTIF($K35:$AB35,"X") & "" -> 9 | AD35: 50 | AG35: =COUNTIF($K35:$AB35,"X")*$AD35 -> 450 | AK35: BT | AL35: Pusat Perkahwinan Inovatif | AP35: 46266
A36: 45777 | B36: CHE0001310 | C36: 80 | D36: =VLOOKUP(C36,'MASTER Name List'!$B$3:$M$186,2,FALSE) -> 黄淑芬 | E36: 45778 | F36: 45778 | G36: 45778 | H36: =DATEDIF(E36,F36,"M")+1 -> 1 | I36: 50 | J36: =H36*I36 -> 50 | R36: X | AC36: =COUNTIF($K36:$AB36,"X") & "" -> 1 | AD36: 50 | AG36: =COUNTIF($K36:$AB36,"X")*$AD36 -> 50 | AK36: BT | AL36: Wong Su Fong | AP36: 46296
A37: 45777 | B37: CHE0001311 | C37: 224 | D37: =VLOOKUP(C37,'MASTER Name List'!$B$3:$M$186,2,FALSE) -> 黄文勝 | E37: 45778 | F37: 45778 | G37: 45778 | H37: =DATEDIF(E37,F37,"M")+1 -> 1 | I37: 50 | J37: =H37*I37 -> 50 | R37: X | AC37: =COUNTIF($K37:$AB37,"X") & "" -> 1 | AD37: 50 | AG37: =COUNTIF($K37:$AB37,"X")*$AD37 -> 50 | AP37: 46327
D38: =VLOOKUP(C38,'MASTER Name List'!$B$3:$M$186,2,FALSE) -> #N/A | H38: =DATEDIF(E38,F38,"M")+1 -> 1 | I38: 50 | J38: =H38*I38 -> 50 | AC38: =COUNTIF($K38:$AB38,"X") & "" -> 0 | AD38: 50 | AG38: =COUNTIF($K38:$AB38,"X")*$AD38 -> 0 | AP38: 46357
D39: =VLOOKUP(C39,'MASTER Name List'!$B$3:$M$186,2,FALSE) -> #N/A | H39: =DATEDIF(E39,F39,"M")+1 -> 1 | I39: 50 | J39: =H39*I39 -> 50 | AC39: =COUNTIF($K39:$AB39,"X") & "" -> 0 | AD39: 50 | AG39: =COUNTIF($K39:$AB39,"X")*$AD39 -> 0 | AP39: 46388
D40: =VLOOKUP(C40,'MASTER Name List'!$B$3:$M$186,2,FALSE) -> #N/A | H40: =DATEDIF(E40,F40,"M")+1 -> 1 | I40: 50 | J40: =H40*I40 -> 50 | AC40: =COUNTIF($K40:$AB40,"X") & "" -> 0 | AD40: 50 | AG40: =COUNTIF($K40:$AB40,"X")*$AD40 -> 0
D41: =VLOOKUP(C41,'MASTER Name List'!$B$3:$M$186,2,FALSE) -> #N/A | H41: =DATEDIF(E41,F41,"M")+1 -> 1 | I41: 50 | J41: =H41*I41 -> 50 | AC41: =COUNTIF($K41:$AB41,"X") & "" -> 0 | AD41: 50 | AG41: =COUNTIF($K41:$AB41,"X")*$AD41 -> 0
D42: =VLOOKUP(C42,'MASTER Name List'!$B$3:$M$186,2,FALSE) -> #N/A | H42: =DATEDIF(E42,F42,"M")+1 -> 1 | I42: 50 | J42: =H42*I42 -> 50 | AC42: =COUNTIF($K42:$AB42,"X") & "" -> 0 | AD42: 50 | AG42: =COUNTIF($K42:$AB42,"X")*$AD42 -> 0
D43: =VLOOKUP(C43,'MASTER Name List'!$B$3:$M$186,2,FALSE) -> #N/A | H43: =DATEDIF(E43,F43,"M")+1 -> 1 | I43: 50 | J43: =H43*I43 -> 50 | AC43: =COUNTIF($K43:$AB43,"X") & "" -> 0 | AD43: 50 | AG43: =COUNTIF($K43:$AB43,"X")*$AD43 -> 0
AG44: =COUNTIF($K44:$AB44,"X")*$AD44 -> 0
AE47: =SUM(AE8:AE46) -> 1350 | AF47: =SUM(AF8:AF46) -> 0 | AG47: =SUM(AG8:AG46) -> 1750 | AI47: =SUM(AI8:AI46) -> 1350

Sheet May-25
AD4: 2025 年 5 月份 - HLB 05500129613
A5: 月费善款 收纳表/ Official Receipt Summary:
F6: 10 | G6: 11 | H6: 12 | I6: 1 | J6: 2 | K6: 3 | L6: 4 | M6: 5 | N6: 6 | O6: 7 | P6: 8 | Q6: 9 | R6: 10 | S6: 11 | T6: 12 | U6: 1 | V6: 2 | W6: 3 | Z6: 金额 Amount (RM) | AD6: ** CDM : Cash Deposit Machine
A7: 日期 Date | B7: 收据编号 Official Receipt No | C7: 月费号码 | D7: 捐款人 姓名 Name | E7: 赞助的月份 Payment for the month of | F7: 45566 | G7: 45597 | H7: 45627 | I7: JAN | J7: FEB | K7: MAR | L7: APR | M7: MAY | N7: JUN | O7: JUL | P7: AUG | Q7: SEP | R7: OCT | S7: NOV | T7: DEC | U7: 45658 | V7: 45689 | W7: 45717 | X7: No.of Month | Y7: 月费 | Z7: 现款 Cash | AA7: 支票 Cheque | AB7: 网上银行转账 Online Bank Transfer | AC7: CDM SEQ | AD7: (CDM) Bank-in Amount | AE7: (CDM) Bank-in Date | AF7: 备注 Remark
Z8: RM | AA8: RM
A9: 45782 | B9: CHE 0001145 | C9: 168 | D9: =VLOOKUP(C9,'MASTER Name List'!$B$3:$M$186,2,FALSE) -> 王秋蓉 | E9: May-Jun'25 | M9: X | N9: X | X9: =COUNTIF($F9:$W9,"X") & "" -> 2 | Y9: 50 | Z9: =COUNTIF($F9:$W9,"X")*$Y9 -> 100 | AC9: 1 | AF9: 123
A10: 45787 | B10: CHE 0001146 | C10: 186 | D10: =VLOOKUP(C10,'MASTER Name List'!$B$3:$M$186,2,FALSE) -> 刘玉云 | E10: May-Jun'25 | M10: X | N10: X | X10: =COUNTIF($F10:$W10,"X") & "" -> 2 | Y10: 50 | Z10: =COUNTIF($F10:$W10,"X")*$Y10 -> 100 | AC10: 1
A11: 45789 | B11: CHE 0001147 | C11: 73 | D11: =VLOOKUP(C11,'MASTER Name List'!$B$3:$M$186,2,FALSE) -> 李宝明 | E11: May-Aug'25 | M11: X | N11: X | O11: X | P11: X | X11: =COUNTIF($F11:$W11,"X") & "" -> 4 | Y11: 50 | Z11: =COUNTIF($F11:$W11,"X")*$Y11 -> 200 | AC11: 1
A12: 45789 | B12: CHE 0001148 | C12: 208 | D12: =VLOOKUP(C12,'MASTER Name List'!$B$3:$M$186,2,FALSE) -> 萧志倫 | E12: Apr-May'25 | L12: X | M12: X | X12: =COUNTIF($F12:$W12,"X") & "" -> 2 | Y12: 50 | Z12: =COUNTIF($F12:$W12,"X")*$Y12 -> 100 | AC12: 1
A13: 45789 | B13: CHE 0001149 | C13: 178 | D13: =VLOOKUP(C13,'MASTER Name List'!$B$3:$M$186,2,FALSE) -> 颜美葒 | E13: Jul'25 | O13: X | X13: =COUNTIF($F13:$W13,"X") & "" -> 1 | Y13: 50 | Z13: =COUNTIF($F13:$W13,"X")*$Y13 -> 50 | AC13: 1
A14: 45789 | B14: CHE 0001150 | C14: 97 | D14: =VLOOKUP(C14,'MASTER Name List'!$B$3:$M$186,2,FALSE) -> 陈素秋 | E14: May-Aug'25 | M14: X | N14: X | O14: X | P14: X | X14: =COUNTIF($F14:$W14,"X") & "" -> 4 | Y14: 50 | Z14: =COUNTIF($F14:$W14,"X")*$Y14 -> 200 | AC14: 1 | AD14: =SUMIF(AC:AC,"1",Z:Z) -> 750 | AE14: 19.05.2025 | AF14: 123
A15: 45792 | B15: CHE 0001151 | C15: 229 | D15: =VLOOKUP(C15,'MASTER Name List'!$B$3:$M$186,2,FALSE) -> 陈丽珍 | E15: May-Aug'25 | M15: X | N15: X | O15: X | P15: X | X15: =COUNTIF($F15:$W15,"X") & "" -> 4 | Y15: 50 | Z15: =COUNTIF($F15:$W15,"X")*$Y15 -> 200 | AC15: 2 | AF15: 124
A16: 45793 | B16: CHE 0001152 | C16: 183 | D16: =VLOOKUP(C16,'MASTER Name List'!$B$3:$M$186,2,FALSE) -> 郭丽诗 | E16: Jun-Dec'25 | N16: X | O16: X | P16: X | Q16: X | R16: X | S16: X | T16: X | X16: =COUNTIF($F16:$W16,"X") & "" -> 7 | Y16: 50 | Z16: =COUNTIF($F16:$W16,"X")*$Y16 -> 350 | AC16: 2 | AD16: =SUMIF(AC:AC,"2",Z:Z) -> 550 | AE16: 19.05.2025
A17: 45799 | B17: CHE 0001153 | C17: 181 | D17: =VLOOKUP(C17,'MASTER Name List'!$B$3:$M$186,2,FALSE) -> 陈金清 | E17: May-Jun'25 | M17: X | N17: X | X17: =COUNTIF($F17:$W17,"X") & "" -> 2 | Y17: 50 | Z17: =COUNTIF($F17:$W17,"X")*$Y17 -> 100 | AC17: 3
A18: 45801 | B18: CHE 0001154 | C18: 184 | D18: =VLOOKUP(C18,'MASTER Name List'!$B$3:$M$186,2,FALSE) -> 赖奕坊 | E18: Apr-Jul'25 | L18: X | M18: X | N18: X | O18: X | X18: =COUNTIF($F18:$W18,"X") & "" -> 4 | Y18: 50 | Z18: =COUNTIF($F18:$W18,"X")*$Y18 -> 200 | AC18: 3
A19: 45804 | B19: CHE 0001155 | C19: 74 | D19: =VLOOKUP(C19,'MASTER Name List'!$B$3:$M$186,2,FALSE) -> 黄得财 | E19: Jun-Dec'25 | N19: X | O19: X | P19: X | Q19: X | R19: X | S19: X | T19: X | X19: =COUNTIF($F19:$W19,"X") & "" -> 7 | Y19: 50 | Z19: =COUNTIF($F19:$W19,"X")*$Y19 -> 350 | AC19: 3
A20: 45804 | B20: CHE 0001156 | C20: 103 | D20: =VLOOKUP(C20,'MASTER Name List'!$B$3:$M$186,2,FALSE) -> 林采諺 | E20: May-Aug'25 | M20: X | N20: X | O20: X | P20: X | X20: =COUNTIF($F20:$W20,"X") & "" -> 4 | Y20: 50 | Z20: =COUNTIF($F20:$W20,"X")*$Y20 -> 200 | AC20: 3
A21: 45804 | B21: CHE 0001157 | C21: 131 | D21: =VLOOKUP(C21,'MASTER Name List'!$B$3:$M$186,2,FALSE) -> 王康芬 | E21: Jun-Aug'25 | N21: X | O21: X | P21: X | X21: =COUNTIF($F21:$W21,"X") & "" -> 3 | Y21: 50 | Z21: =COUNTIF($F21:$W21,"X")*$Y21 -> 150 | AC21: 3 | AD21: =SUMIF(AC:AC,"3",Z:Z) -> 1000 | AE21: 04.06.2025
D22: =VLOOKUP(C22,'MASTER Name List'!$B$3:$M$186,2,FALSE) -> #N/A
D23: =VLOOKUP(C23,'MASTER Name List'!$B$3:$M$186,2,FALSE) -> #N/A
B25: BANK IN
A26: 45778 | C26: 145 | D26: =VLOOKUP(C26,'MASTER Name List'!$B$3:$M$186,2,FALSE) -> 许俊豪 | E26: May-Aug25 | M26: X | N26: X | O26: X | P26: X | X26: =COUNTIF($F26:$W26,"X") & "" -> 4 | Y26: 50 | AB26: =COUNTIF($F26:$W26,"X")*$Y26 -> 200 | AF26: BT | AG26: Khor Chun Hoe | AJ26: #145
A27: 45779 | C27: 116 | D27: =VLOOKUP(C27,'MASTER Name List'!$B$3:$M$186,2,FALSE) -> 李薇薇 | E27: 45778 | M27: X | X27: =COUNTIF($F27:$W27,"X") & "" -> 1 | Y27: 50 | AB27: =COUNTIF($F27:$W27,"X")*$Y27 -> 50 | AF27: BT | AG27: Lee Wei Wei | AJ27: #116
A28: 45779 | C28: 117 | D28: =VLOOKUP(C28,'MASTER Name List'!$B$3:$M$186,2,FALSE) -> 张志文 | E28: 45778 | M28: X | X28: =COUNTIF($F28:$W28,"X") & "" -> 1 | Y28: 50 | AB28: =COUNTIF($F28:$W28,"X")*$Y28 -> 50 | AF28: BT | AG28: Lee Wei Wei / Chong Chee Wen | AJ28: #117
A29: 45779 | C29: 123 | D29: =VLOOKUP(C29,'MASTER Name List'!$B$3:$M$186,2,FALSE) -> 黄丽娟 | E29: May_Jun25 | M29: X | N29: X | X29: =COUNTIF($F29:$W29,"X") & "" -> 2 | Y29: 50 | AB29: =COUNTIF($F29:$W29,"X")*$Y29 -> 100 | AF29: BT | AG29: Wong Lee Ken | AI29: #123
A30: 45781 | C30: 137 | D30: =VLOOKUP(C30,'MASTER Name List'!$B$3:$M$186,2,FALSE) -> 赖美珍 | E30: 45778 | M30: X | X30: =COUNTIF($F30:$W30,"X") & "" -> 1 | Y30: 50 | AB30: =COUNTIF($F30:$W30,"X")*$Y30 -> 50 | AF30: ATM | AI30: #137
A31: 45781 | C31: 68 | D31: =VLOOKUP(C31,'MASTER Name List'!$B$3:$M$186,2,FALSE) -> 沈观胜 | E31: Apr_Jun25 | L31: X | M31: X | N31: X | X31: =COUNTIF($F31:$W31,"X") & "" -> 3 | Y31: 50 | AB31: =COUNTIF($F31:$W31,"X")*$Y31 -> 150 | AF31: BT | AG31: Sim Kuan Seng | AI31: #68
A32: 45782 | C32: 104 | D32: =VLOOKUP(C32,'MASTER Name List'!$B$3:$M$186,2,FALSE) -> 连美丽 | E32: May_Jun25 | M32: X | N32: X | X32: =COUNTIF($F32:$W32,"X") & "" -> 2 | Y32: 50 | AB32: =COUNTIF($F32:$W32,"X")*$Y32 -> 100 | AF32: BT | AG32: Lien Mei Li | AI32: #104
A33: 45786 | C33: 172 | D33: =VLOOKUP(C33,'MASTER Name List'!$B$3:$M$186,2,FALSE) -> 蔡均镅 | E33: May_Jun25 | M33: X | N33: X | X33: =COUNTIF($F33:$W33,"X") & "" -> 2 | Y33: 50 | AB33: =COUNTIF($F33:$W33,"X")*$Y33 -> 100 | AF33: BT | AG33: Chua Jiun Mei
A34: 45787 | C34: 24 | D34: =VLOOKUP(C34,'MASTER Name List'!$B$3:$M$186,2,FALSE) -> 陈淑心 | E34: Apr_Jun25 | L34: X | M34: X | N34: X | X34: =COUNTIF($F34:$W34,"X") & "" -> 3 | Y34: 50 | AB34: =COUNTIF($F34:$W34,"X")*$Y34 -> 150 | AF34: BT
A35: 45788 | C35: 155 | D35: =VLOOKUP(C35,'MASTER Name List'!$B$3:$M$186,2,FALSE) -> 李宝珠 | E35: May_Jun25 | M35: X | N35: X | X35: =COUNTIF($F35:$W35,"X") & "" -> 2 | Y35: 50 | AB35: =COUNTIF($F35:$W35,"X")*$Y35 -> 100 | AF35: BT | AG35: Lee Poh Choo
A36: 45789 | C36: 175 | D36: =VLOOKUP(C36,'MASTER Name List'!$B$3:$M$186,2,FALSE) -> 洪鼎惟 | E36: 45778 | M36: X | X36: =COUNTIF($F36:$W36,"X") & "" -> 1 | Y36: 50 | AB36: =COUNTIF($F36:$W36,"X")*$Y36 -> 50 | AF36: BT | AG36: Hoon Teng Hui
A37: 45791 | C37: 40 | D37: =VLOOKUP(C37,'MASTER Name List'!$B$3:$M$186,2,FALSE) -> 何梅歆 | E37: 46023 | U37: X | X37: =COUNTIF($F37:$W37,"X") & "" -> 1 | Y37: 50 | AB37: =COUNTIF($F37:$W37,"X")*$Y37 -> 50 | AG37: Hoo Mei Sing
D38: =VLOOKUP(C38,'MASTER Name List'!$B$3:$M$186,2,FALSE) -> #N/A | X38: =COUNTIF($F38:$W38,"X") & "" -> 0 | Y38: 50 | AB38: =COUNTIF($F38:$W38,"X")*$Y38 -> 0
D39: =VLOOKUP(C39,'MASTER Name List'!$B$3:$M$186,2,FALSE) -> #N/A | X39: =COUNTIF($F39:$W39,"X") & "" -> 0 | Y39: 50 | AB39: =COUNTIF($F39:$W39,"X")*$Y39 -> 0
D40: =VLOOKUP(C40,'MASTER Name List'!$B$3:$M$186,2,FALSE) -> #N/A | X40: =COUNTIF($F40:$W40,"X") & "" -> 0 | Y40: 50 | AB40: =COUNTIF($F40:$W40,"X")*$Y40 -> 0
D41: =VLOOKUP(C41,'MASTER Name List'!$B$3:$M$186,2,FALSE) -> #N/A | X41: =COUNTIF($F41:$W41,"X") & "" -> 0 | Y41: 50 | AB41: =COUNTIF($F41:$W41,"X")*$Y41 -> 0
D42: =VLOOKUP(C42,'MASTER Name List'!$B$3:$M$186,2,FALSE) -> #N/A | X42: =COUNTIF($F42:$W42,"X") & "" -> 0 | Y42: 50 | AB42: =COUNTIF($F42:$W42,"X")*$Y42 -> 0
D43: =VLOOKUP(C43,'MASTER Name List'!$B$3:$M$186,2,FALSE) -> #N/A | X43: =COUNTIF($F43:$W43,"X") & "" -> 0 | Y43: 50 | AB43: =COUNTIF($F43:$W43,"X")*$Y43 -> 0
AB44: =COUNTIF($F44:$W44,"X")*$Y44 -> 0
Z47: =SUM(Z8:Z46) -> 2300 | AA47: =SUM(AA8:AA46) -> 0 | AB47: =SUM(AB8:AB46) -> 1150 | AD47: =SUM(AD8:AD46) -> 2300

Sheet May-25 (New)
N4: 2025 年 5 月份 - HLB 05500129613
A5: 月费善款 收纳表/ Official Receipt Summary: | E5: 赞助的月份
E6: Payment for the month of | J6: 金额 Amount (RM) | N6: ** CDM : Cash Deposit Machine
A7: 日期 Date | B7: 收据编号 Official Receipt No | C7: 月费号码 | D7: 捐款人 姓名 Name | E7: START MONTH | F7: END MONTH | G7: REF. | H7: No.of Month | I7: 月费 | J7: 现款 Cash | K7: 支票 Cheque | L7: 网上银行转账 Online Bank Transfer | M7: CDM SEQ | N7: (CDM) Bank-in Amount | O7: (CDM) Bank-in Date | P7: 备注 Remark
J8: RM | K8: RM
A9: 45782 | B9: CHE 0001145 | C9: 168 | D9: =VLOOKUP(C9,'MASTER Name List'!$B$3:$M$186,2,FALSE) -> 王秋蓉 | E9: 45778 | F9: 45809 | G9: May-Jun'25 | H9: =DATEDIF(E9,F9,"M")+1 -> 2 | I9: 50 | J9: =$H9*$I9 -> 100 | M9: 1 | P9: 123
A10: 45787 | B10: CHE 0001146 | C10: 186 | D10: =VLOOKUP(C10,'MASTER Name List'!$B$3:$M$186,2,FALSE) -> 刘玉云 | E10: 45778 | F10: 45809 | G10: May-Jun'25 | H10: =DATEDIF(E10,F10,"M")+1 -> 2 | I10: 50 | J10: =$H10*$I10 -> 100 | M10: 1 | U10: 45536
A11: 45789 | B11: CHE 0001147 | C11: 73 | D11: =VLOOKUP(C11,'MASTER Name List'!$B$3:$M$186,2,FALSE) -> 李宝明 | E11: 45778 | F11: 45870 | G11: May-Aug'25 | H11: =DATEDIF(E11,F11,"M")+1 -> 4 | I11: 50 | J11: =$H11*$I11 -> 200 | M11: 1 | U11: 45566
A12: 45789 | B12: CHE 0001148 | C12: 208 | D12: =VLOOKUP(C12,'MASTER Name List'!$B$3:$M$186,2,FALSE) -> 萧志倫 | E12: 45748 | F12: 45778 | G12: Apr-May'25 | H12: =DATEDIF(E12,F12,"M")+1 -> 2 | I12: 50 | J12: =$H12*$I12 -> 100 | M12: 1 | U12: 45597
A13: 45789 | B13: CHE 0001149 | C13: 178 | D13: =VLOOKUP(C13,'MASTER Name List'!$B$3:$M$186,2,FALSE) -> 颜美葒 | E13: 45839 | F13: 45839 | G13: Jul'25 | H13: =DATEDIF(E13,F13,"M")+1 -> 1 | I13: 50 | J13: =$H13*$I13 -> 50 | M13: 1 | U13: 45627
A14: 45789 | B14: CHE 0001150 | C14: 97 | D14: =VLOOKUP(C14,'MASTER Name List'!$B$3:$M$186,2,FALSE) -> 陈素秋 | E14: 45778 | F14: 45870 | G14: May-Aug'25 | H14: =DATEDIF(E14,F14,"M")+1 -> 4 | I14: 50 | J14: =$H14*$I14 -> 200 | M14: 1 | N14: =SUMIF(M:M,"1",J:J) -> 750 | O14: 19.05.2025 | P14: 123 | U14: 45658
A15: 45792 | B15: CHE 0001151 | C15: 229 | D15: =VLOOKUP(C15,'MASTER Name List'!$B$3:$M$186,2,FALSE) -> 陈丽珍 | E15: 45778 | F15: 45870 | G15: May-Aug'25 | H15: =DATEDIF(E15,F15,"M")+1 -> 4 | I15: 50 | J15: =$H15*$I15 -> 200 | M15: 2 | P15: 124 | U15: 45689
A16: 45793 | B16: CHE 0001152 | C16: 183 | D16: =VLOOKUP(C16,'MASTER Name List'!$B$3:$M$186,2,FALSE) -> 郭丽诗 | E16: 45809 | F16: 45992 | G16: Jun-Dec'25 | H16: =DATEDIF(E16,F16,"M")+1 -> 7 | I16: 50 | J16: =$H16*$I16 -> 350 | M16: 2 | N16: =SUMIF(M:M,"2",J:J) -> 550 | O16: 19.05.2025 | U16: 45717
A17: 45799 | B17: CHE 0001153 | C17: 181 | D17: =VLOOKUP(C17,'MASTER Name List'!$B$3:$M$186,2,FALSE) -> 陈金清 | E17: 45778 | F17: 45809 | G17: May-Jun'25 | H17: =DATEDIF(E17,F17,"M")+1 -> 2 | I17: 50 | J17: =$H17*$I17 -> 100 | M17: 3 | U17: 45748
A18: 45801 | B18: CHE 0001154 | C18: 184 | D18: =VLOOKUP(C18,'MASTER Name List'!$B$3:$M$186,2,FALSE) -> 赖奕坊 | E18: 45748 | F18: 45839 | G18: Apr-Jul'25 | H18: =DATEDIF(E18,F18,"M")+1 -> 4 | I18: 50 | J18: =$H18*$I18 -> 200 | M18: 3 | U18: 45778
A19: 45804 | B19: CHE 0001155 | C19: 74 | D19: =VLOOKUP(C19,'MASTER Name List'!$B$3:$M$186,2,FALSE) -> 黄得财 | E19: 45809 | F19: 45992 | G19: Jun-Dec'25 | H19: =DATEDIF(E19,F19,"M")+1 -> 7 | I19: 50 | J19: =$H19*$I19 -> 350 | M19: 3 | U19: 45809
A20: 45804 | B20: CHE 0001156 | C20: 103 | D20: =VLOOKUP(C20,'MASTER Name List'!$B$3:$M$186,2,FALSE) -> 林采諺 | E20: 45778 | F20: 45870 | G20: May-Aug'25 | H20: =DATEDIF(E20,F20,"M")+1 -> 4 | I20: 50 | J20: =$H20*$I20 -> 200 | M20: 3 | U20: 45839
A21: 45804 | B21: CHE 0001157 | C21: 131 | D21: =VLOOKUP(C21,'MASTER Name List'!$B$3:$M$186,2,FALSE) -> 王康芬 | E21: 45809 | F21: 45870 | G21: Jun-Aug'25 | H21: =DATEDIF(E21,F21,"M")+1 -> 3 | I21: 50 | J21: =$H21*$I21 -> 150 | M21: 3 | N21: =SUMIF(M:M,"3",J:J) -> 1000 | O21: 04.06.2025 | U21: 45870
D22: =VLOOKUP(C22,'MASTER Name List'!$B$3:$M$186,2,FALSE) -> #N/A | H22: =DATEDIF(E22,F22,"M")+1 -> 1 | I22: 50 | J22: =$H22*$I22 -> 50 | U22: 45901
D23: =VLOOKUP(C23,'MASTER Name List'!$B$3:$M$186,2,FALSE) -> #N/A | H23: =DATEDIF(E23,F23,"M")+1 -> 1 | I23: 50 | J23: =$H23*$I23 -> 50 | U23: 45931
U24: 45962
B25: BANK IN | U25: 45992
A26: 45778 | B26: CHE0001312 | C26: 145 | D26: =VLOOKUP(C26,'MASTER Name List'!$B$3:$M$186,2,FALSE) -> 许俊豪 | E26: 45778 | F26: 45870 | G26: May-Aug25 | H26: =DATEDIF(E26,F26,"M")+1 -> 4 | I26: 50 | L26: =$H26*$I26 -> 200 | O26: Book No.127 | P26: BT | Q26: Khor Chun Hoe | T26: #145 | U26: 46023
A27: 45779 | B27: CHE0001313 | C27: 116 | D27: =VLOOKUP(C27,'MASTER Name List'!$B$3:$M$186,2,FALSE) -> 李薇薇 | E27: 45778 | F27: 45778 | G27: 45778 | H27: =DATEDIF(E27,F27,"M")+1 -> 1 | I27: 50 | L27: =$H27*$I27 -> 50 | P27: BT | Q27: Lee Wei Wei | T27: #116 | U27: 46054
A28: 45754 | B28: CHE0001314 | C28: 102 | D28: =VLOOKUP(C28,'MASTER Name List'!$B$3:$M$186,2,FALSE) -> 戴川凤 | E28: 45717 | F28: 45748 | G28: Mar_Apr25 | H28: =DATEDIF(E28,F28,"M")+1 -> 2 | I28: 50 | L28: =$H28*$I28 -> 100 | P28: ATM | T28: #117 | U28: 46082
A29: 45779 | B29: CHE0001315 | C29: 117 | D29: =VLOOKUP(C29,'MASTER Name List'!$B$3:$M$186,2,FALSE) -> 张志文 | E29: 45778 | F29: 45778 | G29: 46143 | H29: =DATEDIF(E29,F29,"M")+1 -> 1 | I29: 50 | L29: =$H29*$I29 -> 50 | P29: BT | Q29: Lee Wei Wei / Chong Chee Wen | U29: 46113
A30: 45779 | B30: CHE0001316 | C30: 123 | D30: =VLOOKUP(C30,'MASTER Name List'!$B$3:$M$186,2,FALSE) -> 黄丽娟 | E30: 45778 | F30: 45809 | G30: May_Jun25 | H30: =DATEDIF(E30,F30,"M")+1 -> 2 | I30: 50 | L30: =$H30*$I30 -> 100 | P30: BT | Q30: Wong Lee Ken | S30: #123 | U30: 46143
A31: 45781 | B31: CHE0001317 | C31: 137 | D31: =VLOOKUP(C31,'MASTER Name List'!$B$3:$M$186,2,FALSE) -> 赖美珍 | E31: 45778 | F31: 45778 | G31: 45778 | H31: =DATEDIF(E31,F31,"M")+1 -> 1 | I31: 50 | L31: =$H31*$I31 -> 50 | P31: ATM | S31: #137 | U31: 46174
A32: 45781 | B32: CHE0001318 | C32: 68 | D32: =VLOOKUP(C32,'MASTER Name List'!$B$3:$M$186,2,FALSE) -> 沈观胜 | E32: 45748 | F32: 45809 | G32: Apr_Jun25 | H32: =DATEDIF(E32,F32,"M")+1 -> 3 | I32: 50 | L32: =$H32*$I32 -> 150 | P32: BT | Q32: Sim Kuan Seng | S32: #68 | U32: 46204
A33: 45782 | B33: CHE0001319 | C33: 104 | D33: =VLOOKUP(C33,'MASTER Name List'!$B$3:$M$186,2,FALSE) -> 连美丽 | E33: 45778 | F33: 45809 | G33: May_Jun25 | H33: =DATEDIF(E33,F33,"M")+1 -> 2 | I33: 50 | L33: =$H33*$I33 -> 100 | P33: BT | Q33: Lien Mei Li | S33: #104 | U33: 46235
A34: 45786 | B34: CHE0001320 | C34: 172 | D34: =VLOOKUP(C34,'MASTER Name List'!$B$3:$M$186,2,FALSE) -> 蔡均镅 | E34: 45778 | F34: 45809 | G34: May_Jun25 | H34: =DATEDIF(E34,F34,"M")+1 -> 2 | I34: 50 | L34: =$H34*$I34 -> 100 | P34: BT | Q34: Chua Jiun Mei | S34: #172 | U34: 46266
A35: 45787 | B35: CHE0001321 | C35: 24 | D35: =VLOOKUP(C35,'MASTER Name List'!$B$3:$M$186,2,FALSE) -> 陈淑心 | E35: 45748 | F35: 45809 | G35: Apr_Jun25 | H35: =DATEDIF(E35,F35,"M")+1 -> 3 | I35: 50 | L35: =$H35*$I35 -> 150 | P35: BT | Q35: Chan Sook Ling | S35: #24 | U35: 46296
A36: 45788 | B36: CHE0001322 | C36: 155 | D36: =VLOOKUP(C36,'MASTER Name List'!$B$3:$M$186,2,FALSE) -> 李宝珠 | E36: 45778 | F36: 45809 | G36: May_Jun25 | H36: =DATEDIF(E36,F36,"M")+1 -> 2 | I36: 50 | L36: =$H36*$I36 -> 100 | P36: BT | Q36: Lee Poh Choo | S36: #155 | U36: 46327
A37: 45789 | B37: CHE0001323 | C37: 175 | D37: =VLOOKUP(C37,'MASTER Name List'!$B$3:$M$186,2,FALSE) -> 洪鼎惟 | E37: 45778 | F37: 45778 | G37: 45778 | H37: =DATEDIF(E37,F37,"M")+1 -> 1 | I37: 50 | L37: =$H37*$I37 -> 50 | P37: BT | Q37: Hoon Teng Hui | S37: #175 | U37: 46357
A38: 45791 | B38: CHE0001324 | C38: 40 | D38: =VLOOKUP(C38,'MASTER Name List'!$B$3:$M$186,2,FALSE) -> 何梅歆 | E38: 46023 | F38: 46023 | G38: 46023 | H38: =DATEDIF(E38,F38,"M")+1 -> 1 | I38: 50 | L38: =$H38*$I38 -> 50 | P38: BT | Q38: Hoo Mei Sing | S38: #40 | U38: 46388
A39: 45796 | B39: CHE0001325 | C39: 70 | D39: =VLOOKUP(C39,'MASTER Name List'!$B$3:$M$186,2,FALSE) -> 李䘤帷 | E39: 45689 | F39: 45839 | G39: Feb_Jul25 | H39: =DATEDIF(E39,F39,"M")+1 -> 6 | I39: 50 | L39: =$H39*$I39 -> 300 | P39: BT | Q39: Lee Lai Kheng | S39: #70
D40: =VLOOKUP(C40,'MASTER Name List'!$B$3:$M$186,2,FALSE) -> #N/A | H40: =DATEDIF(E40,F40,"M")+1 -> 1 | I40: 50 | L40: =$H40*$I40 -> 50
D41: =VLOOKUP(C41,'MASTER Name List'!$B$3:$M$186,2,FALSE) -> #N/A | H41: =DATEDIF(E41,F41,"M")+1 -> 1 | I41: 50 | L41: =$H41*$I41 -> 50
D42: =VLOOKUP(C42,'MASTER Name List'!$B$3:$M$186,2,FALSE) -> #N/A | H42: =DATEDIF(E42,F42,"M")+1 -> 1 | I42: 50 | L42: =$H42*$I42 -> 50
D43: =VLOOKUP(C43,'MASTER Name List'!$B$3:$M$186,2,FALSE) -> #N/A | H43: =DATEDIF(E43,F43,"M")+1 -> 1 | I43: 50 | L43: =$H43*$I43 -> 50
L44: =$H44*$I44 -> 0
J47: =SUM(J8:J46) -> 2400 | K47: =SUM(K8:K46) -> 0 | L47: =SUM(L8:L46) -> 1750 | N47: =SUM(N8:N46) -> 2300

Sheet Jun-25
AG4: 2025 年 6 月份 - HLB 05500129613
A5: 月费善款 收纳表/ Official Receipt Summary:
F6: 10 | G6: 11 | H6: 12 | I6: 1 | J6: 2 | K6: 3 | L6: 4 | M6: 5 | N6: 6 | O6: 7 | P6: 8 | Q6: 9 | R6: 10 | S6: 11 | T6: 12 | U6: 1 | V6: 2 | W6: 3 | AC6: 金额 Amount (RM) | AG6: ** CDM : Cash Deposit Machine
A7: 日期 Date | B7: 收据编号 Official Receipt No | C7: 月费号码 | D7: 捐款人 姓名 Name | E7: 赞助的月份 Payment for the month of | F7: 45566 | G7: 45597 | H7: 45627 | I7: JAN | J7: FEB | K7: MAR | L7: APR | M7: MAY | N7: JUN | O7: JUL | P7: AUG | Q7: SEP | R7: OCT | S7: NOV | T7: DEC | U7: 46023 | V7: 46054 | W7: 46082 | X7: 46113 | Y7: 46143 | Z7: 46174 | AA7: No.of Month | AB7: 月费 | AC7: 现款 Cash | AD7: 支票 Cheque | AE7: 网上银行转账 Online Bank Transfer | AF7: CDM SEQ | AG7: (CDM) Bank-in Amount | AH7: (CDM) Bank-in Date | AI7: 备注 Remark
AC8: RM | AD8: RM
A9: 45810 | B9: CHE 0001158 | C9: 178 | D9: =VLOOKUP(C9,'MASTER Name List'!$B$3:$M$186,2,FALSE) -> 颜美葒 | E9: Aug-Sep'25 | P9: X | Q9: X | AA9: =COUNTIF($F9:$W9,"X") & "" -> 2 | AB9: 50 | AC9: =COUNTIF($F9:$Z9,"X")*$AB9 -> 100 | AF9: 1 | AI9: OR Book # 124
A10: 45811 | B10: CHE 0001159 | C10: 4 | D10: =VLOOKUP(C10,'MASTER Name List'!$B$3:$M$186,2,FALSE) -> 邹运金 | E10: May-Jun'25 | N10: X | O10: X | AA10: =COUNTIF($F10:$W10,"X") & "" -> 2 | AB10: 50 | AC10: =COUNTIF($F10:$Z10,"X")*$AB10 -> 100 | AF10: 1
A11: 45812 | B11: CHE 0001160 | C11: 177 | D11: =VLOOKUP(C11,'MASTER Name List'!$B$3:$M$186,2,FALSE) -> 陈桂香 | E11: Jul-Dec'25 | O11: X | P11: X | Q11: X | R11: X | S11: X | T11: X | AA11: =COUNTIF($F11:$W11,"X") & "" -> 6 | AB11: 50 | AC11: =COUNTIF($F11:$Z11,"X")*$AB11 -> 300 | AF11: 1
A12: 45813 | B12: CHE 0001161 | C12: 226 | D12: =VLOOKUP(C12,'MASTER Name List'!$B$3:$M$186,2,FALSE) -> 锺镒壕 | E12: Aug-Jun'25 | L12: X | M12: X | N12: X | AA12: =COUNTIF($F12:$W12,"X") & "" -> 3 | AB12: 50 | AC12: =COUNTIF($F12:$Z12,"X")*$AB12 -> 150 | AF12: 1 | AG12: =SUMIF(AF:AF,"1",AC:AC) -> 650 | AH12: 10.06.2025
A13: 45816 | B13: CHE 0001162 | C13: 114 | D13: =VLOOKUP(C13,'MASTER Name List'!$B$3:$M$186,2,FALSE) -> 刁修淋 | E13: May-Aug25 | M13: X | N13: X | O13: X | P13: X | AA13: =COUNTIF($F13:$W13,"X") & "" -> 4 | AB13: 50 | AC13: =COUNTIF($F13:$Z13,"X")*$AB13 -> 200 | AF13: 2
A14: 45818 | B14: CHE 0001163 | C14: 23 | D14: =VLOOKUP(C14,'MASTER Name List'!$B$3:$M$186,2,FALSE) -> 罗彩瑛 | E14: Jul-Aug25 | O14: X | P14: X | AA14: =COUNTIF($F14:$W14,"X") & "" -> 2 | AB14: 50 | AC14: =COUNTIF($F14:$Z14,"X")*$AB14 -> 100 | AF14: 2
A15: 45818 | B15: CHE 0001164 | C15: 96 | D15: =VLOOKUP(C15,'MASTER Name List'!$B$3:$M$186,2,FALSE) -> 余丽苹 | E15: Jul-Dec25 | O15: X | P15: X | Q15: X | R15: X | S15: X | T15: X | AA15: =COUNTIF($F15:$W15,"X") & "" -> 6 | AB15: 50 | AC15: =COUNTIF($F15:$Z15,"X")*$AB15 -> 300 | AF15: 2
A16: 45818 | B16: CHE 0001165 | C16: 106 | D16: =VLOOKUP(C16,'MASTER Name List'!$B$3:$M$186,2,FALSE) -> 文渼媄 | E16: Jul-Dec25 | O16: X | P16: X | Q16: X | R16: X | S16: X | T16: X | AA16: =COUNTIF($F16:$W16,"X") & "" -> 6 | AB16: 50 | AC16: =COUNTIF($F16:$Z16,"X")*$AB16 -> 300 | AF16: 2
A17: 45818 | B17: CHE 0001166 | C17: 228 | D17: =VLOOKUP(C17,'MASTER Name List'!$B$3:$M$186,2,FALSE) -> 黄诗霞 | E17: Jul25-Jun26 | O17: X | P17: X | Q17: X | R17: X | S17: X | T17: X | U17: X | V17: X | W17: X | X17: X | Y17: X | Z17: X | AA17: =COUNTIF($F17:$W17,"X") & "" -> 9 | AB17: 50 | AC17: =COUNTIF($F17:$Z17,"X")*$AB17 -> 600 | AF17: 2
A18: 45823 | B18: CHE 0001167 | C18: 42 | D18: =VLOOKUP(C18,'MASTER Name List'!$B$3:$M$186,2,FALSE) -> 李俐赪 | E18: Jul-Dec25 | O18: X | P18: X | Q18: X | R18: X | S18: X | T18: X | AA18: =COUNTIF($F18:$W18,"X") & "" -> 6 | AB18: 50 | AC18: =COUNTIF($F18:$Z18,"X")*$AB18 -> 300 | AF18: 2 | AG18: =SUMIF(AF:AF,"2",AC:AC) -> 1800 | AH18: 23.06.2025
A19: 45830 | B19: CHE 0001168 | C19: 170 | D19: =VLOOKUP(C19,'MASTER Name List'!$B$3:$M$186,2,FALSE) -> 陈柔霓 | E19: May-Jun'25 | M19: X | N19: X | AA19: =COUNTIF($F19:$W19,"X") & "" -> 2 | AB19: 50 | AC19: =COUNTIF($F19:$Z19,"X")*$AB19 -> 100 | AF19: 3
A20: 45832 | B20: CHE 0001169 | C20: 132 | D20: =VLOOKUP(C20,'MASTER Name List'!$B$3:$M$186,2,FALSE) -> 陈杍䍿 | E20: Jun-Aug25 | N20: X | O20: X | P20: X | AA20: =COUNTIF($F20:$W20,"X") & "" -> 3 | AB20: 50 | AC20: =COUNTIF($F20:$Z20,"X")*$AB20 -> 150 | AF20: 3
A21: 45833 | B21: CHE 0001170 | C21: 99 | D21: =VLOOKUP(C21,'MASTER Name List'!$B$3:$M$186,2,FALSE) -> 吴毓遴 | E21: May-Dec25 | M21: X | N21: X | O21: X | P21: X | Q21: X | R21: X | S21: X | T21: X | AA21: =COUNTIF($F21:$W21,"X") & "" -> 8 | AB21: 50 | AC21: =COUNTIF($F21:$Z21,"X")*$AB21 -> 400 | AF21: 3
A22: 45834 | B22: CHE 0001171 | C22: 62 | D22: =VLOOKUP(C22,'MASTER Name List'!$B$3:$M$186,2,FALSE) -> 叶淑芳 | E22: Jul-Dec25 | O22: X | P22: X | Q22: X | R22: X | S22: X | T22: X | AA22: =COUNTIF($F22:$W22,"X") & "" -> 6 | AB22: 50 | AC22: =COUNTIF($F22:$Z22,"X")*$AB22 -> 300 | AF22: 3 | AG22: =SUMIF(AF:AF,"3",AC:AC) -> 950 | AH22: 01.07.2025
A23: 45838 | B23: CHE 0001172 | C23: 214 | D23: =VLOOKUP(C23,'MASTER Name List'!$B$3:$M$186,2,FALSE) -> 苏淑禛 | E23: Jul-Sep25 | N23: X | O23: X | P23: X | AA23: =COUNTIF($F23:$W23,"X") & "" -> 3 | AB23: 50 | AC23: =COUNTIF($F23:$Z23,"X")*$AB23 -> 150 | AF23: 4 | AG23: =SUMIF(AF:AF,"4",AC:AC) -> 150 | AH23: 07.07.2025
D24: =VLOOKUP(C24,'MASTER Name List'!$B$3:$M$186,2,FALSE) -> #N/A
B29: BANK IN
A30: 45810 | C30: 80 | D30: =VLOOKUP(C30,'MASTER Name List'!$B$3:$M$186,2,FALSE) -> 黄淑芬 | E30: 45809 | N30: X | AA30: =COUNTIF($F30:$W30,"X") & "" -> 1 | AB30: 50 | AE30: =COUNTIF($F30:$W30,"X")*$AB30 -> 50 | AI30: BT | AJ30: Wong Su Fong | AL30: #80
A31: 45810 | C31: 224 | D31: =VLOOKUP(C31,'MASTER Name List'!$B$3:$M$186,2,FALSE) -> 黄文勝 | E31: 45809 | N31: X | AA31: =COUNTIF($F31:$W31,"X") & "" -> 1 | AB31: 50 | AE31: =COUNTIF($F31:$W31,"X")*$AB31 -> 50 | AI31: BT | AJ31: Wong Su Fong | AL31: #224
A32: 45810 | C32: 116 | D32: =VLOOKUP(C32,'MASTER Name List'!$B$3:$M$186,2,FALSE) -> 李薇薇 | E32: 45809 | N32: X | AA32: =COUNTIF($F32:$W32,"X") & "" -> 1 | AB32: 50 | AE32: =COUNTIF($F32:$W32,"X")*$AB32 -> 50 | AI32: BT | AJ32: Lee Wei Wei
A33: 45810 | C33: 117 | D33: =VLOOKUP(C33,'MASTER Name List'!$B$3:$M$186,2,FALSE) -> 张志文 | E33: 45809 | N33: X | AA33: =COUNTIF($F33:$W33,"X") & "" -> 1 | AB33: 50 | AE33: =COUNTIF($F33:$W33,"X")*$AB33 -> 50 | AI33: BT | AJ33: Lee Wei Wei / Chong Chee Wen
A34: 45813 | C34: 52 | D34: =VLOOKUP(C34,'MASTER Name List'!$B$3:$M$186,2,FALSE) -> 陈宝蓉 | E34: May_Jun25 | M34: X | N34: X | AA34: =COUNTIF($F34:$W34,"X") & "" -> 2 | AB34: 50 | AE34: =COUNTIF($F34:$W34,"X")*$AB34 -> 100 | AI34: BT | AJ34: Tan Poh Yong | AL34: #52
A35: 45815 | C35: 162 | D35: =VLOOKUP(C35,'MASTER Name List'!$B$3:$M$186,2,FALSE) -> 方惠贤 | E35: Jul_Aug25 | O35: X | P35: X | AA35: =COUNTIF($F35:$W35,"X") & "" -> 2 | AB35: 50 | AE35: =COUNTIF($F35:$W35,"X")*$AB35 -> 100 | AI35: BT | AJ35: Fong Fui Ying | AL35: #162
A36: 45815 | C36: 102 | D36: =VLOOKUP(C36,'MASTER Name List'!$B$3:$M$186,2,FALSE) -> 戴川凤 | E36: May_Jun25 | M36: X | N36: X | AA36: =COUNTIF($F36:$W36,"X") & "" -> 2 | AB36: 50 | AE36: =COUNTIF($F36:$W36,"X")*$AB36 -> 100 | AI36: ATM | AL36: #102
A37: 45815 | C37: 137 | D37: =VLOOKUP(C37,'MASTER Name List'!$B$3:$M$186,2,FALSE) -> 赖美珍 | E37: 45809 | N37: X | AA37: =COUNTIF($F37:$W37,"X") & "" -> 1 | AB37: 50 | AE37: =COUNTIF($F37:$W37,"X")*$AB37 -> 50 | AI37: TouchNGo | AJ37: Lai Mei Chin | AL37: #137
A38: 45815 | C38: 48 | D38: =VLOOKUP(C38,'MASTER Name List'!$B$3:$M$186,2,FALSE) -> 叶鏸郧 | E38: Jan_Mar25 | I38: X | J38: X | K38: X | AA38: =COUNTIF($F38:$W38,"X") & "" -> 3 | AB38: 50 | AE38: =COUNTIF($F38:$W38,"X")*$AB38 -> 150 | AI38: BT | AJ38: Ms Yap Hui Yuen | AL38: #48
A39: 45816 | C39: 50 | D39: =VLOOKUP(C39,'MASTER Name List'!$B$3:$M$186,2,FALSE) -> 陈俊达 | E39: Jan_Dec25 | I39: X | J39: X | K39: X | L39: X | M39: X | N39: X | O39: X | P39: X | Q39: X | R39: X | S39: X | T39: X | AA39: =COUNTIF($F39:$W39,"X") & "" -> 12 | AB39: 50 | AE39: =COUNTIF($F39:$W39,"X")*$AB39 -> 600 | AI39: BT | AJ39: Chan Chun Tat | AL39: #50
A40: 45817 | C40: 40 | D40: =VLOOKUP(C40,'MASTER Name List'!$B$3:$M$186,2,FALSE) -> 何梅歆 | E40: Feb_Mar26 | V40: X | W40: X | AA40: =COUNTIF($F40:$W40,"X") & "" -> 2 | AB40: 50 | AE40: =COUNTIF($F40:$W40,"X")*$AB40 -> 100 | AI40: BT | AJ40: Hoo Mei Sing (Michelle) | AL40: #40
A41: 45833 | C41: 64 | D41: =VLOOKUP(C41,'MASTER Name List'!$B$3:$M$186,2,FALSE) -> 韦素枝 | E41: May_Aug25 | M41: X | N41: X | O41: X | P41: X | AA41: =COUNTIF($F41:$W41,"X") & "" -> 4 | AB41: 50 | AE41: =COUNTIF($F41:$W41,"X")*$AB41 -> 200 | AI41: BT | AJ41: Wai Soo Gei | AL41: #64
D42: =VLOOKUP(C42,'MASTER Name List'!$B$3:$M$186,2,FALSE) -> #N/A | AA42: =COUNTIF($F42:$W42,"X") & "" -> 0 | AB42: 50 | AE42: =COUNTIF($F42:$W42,"X")*$AB42 -> 0
D43: =VLOOKUP(C43,'MASTER Name List'!$B$3:$M$186,2,FALSE) -> #N/A | AA43: =COUNTIF($F43:$W43,"X") & "" -> 0 | AB43: 50 | AE43: =COUNTIF($F43:$W43,"X")*$AB43 -> 0
D44: =VLOOKUP(C44,'MASTER Name List'!$B$3:$M$186,2,FALSE) -> #N/A | AA44: =COUNTIF($F44:$W44,"X") & "" -> 0 | AB44: 50 | AE44: =COUNTIF($F44:$W44,"X")*$AB44 -> 0
D45: =VLOOKUP(C45,'MASTER Name List'!$B$3:$M$186,2,FALSE) -> #N/A | AA45: =COUNTIF($F45:$W45,"X") & "" -> 0 | AB45: 50 | AE45: =COUNTIF($F45:$W45,"X")*$AB45 -> 0
D46: =VLOOKUP(C46,'MASTER Name List'!$B$3:$M$186,2,FALSE) -> #N/A | AA46: =COUNTIF($F46:$W46,"X") & "" -> 0 | AB46: 50 | AE46: =COUNTIF($F46:$W46,"X")*$AB46 -> 0
D47: =VLOOKUP(C47,'MASTER Name List'!$B$3:$M$186,2,FALSE) -> #N/A | AA47: =COUNTIF($F47:$W47,"X") & "" -> 0 | AB47: 50 | AE47: =COUNTIF($F47:$W47,"X")*$AB47 -> 0
D48: =VLOOKUP(C48,'MASTER Name List'!$B$3:$M$186,2,FALSE) -> #N/A | AA48: =COUNTIF($F48:$W48,"X") & "" -> 0 | AB48: 50 | AE48: =COUNTIF($F48:$W48,"X")*$AB48 -> 0
D49: =VLOOKUP(C49,'MASTER Name List'!$B$3:$M$186,2,FALSE) -> #N/A | AA49: =COUNTIF($F49:$W49,"X") & "" -> 0 | AB49: 50 | AE49: =COUNTIF($F49:$W49,"X")*$AB49 -> 0
AE50: =COUNTIF($F50:$W50,"X")*$AB50 -> 0
AC53: =SUM(AC8:AC52) -> 3550 | AD53: =SUM(AD8:AD52) -> 0 | AE53: =SUM(AE8:AE52) -> 1600 | AG53: =SUM(AG8:AG52) -> 3550

Sheet Jun-25 (New)
N4: 2025 年 6 月份 - HLB 05500129613
A5: 月费善款 收纳表/ Official Receipt Summary: | E5: 赞助的月份
E6: Payment for the month of | J6: 金额 Amount (RM) | N6: ** CDM : Cash Deposit Machine
A7: 日期 Date | B7: 收据编号 Official Receipt No | C7: 月费号码 | D7: 捐款人 姓名 Name | E7: START MONTH | F7: END MONTH | G7: REF. | H7: No.of Month | I7: 月费 | J7: 现款 Cash | K7: 支票 Cheque | L7: 网上银行转账 Online Bank Transfer | M7: CDM SEQ | N7: (CDM) Bank-in Amount | O7: (CDM) Bank-in Date | P7: 备注 Remark
J8: RM | K8: RM
A9: 45810 | B9: CHE 0001158 | C9: 178 | D9: =VLOOKUP(C9,'MASTER Name List'!$B$3:$M$186,2,FALSE) -> 颜美葒 | E9: 45870 | F9: 45901 | G9: Aug-Sep'25 | H9: =DATEDIF(E9,F9,"M")+1 -> 2 | I9: 50 | J9: =IF($C9="","-",$H9*$I9) -> 100 | M9: 1 | P9: OR Book # 124
A10: 45811 | B10: CHE 0001159 | C10: 4 | D10: =VLOOKUP(C10,'MASTER Name List'!$B$3:$M$186,2,FALSE) -> 邹运金 | E10: 45778 | F10: 45809 | G10: May-Jun'25 | H10: =DATEDIF(E10,F10,"M")+1 -> 2 | I10: 50 | J10: =IF($C10="","-",$H10*$I10) -> 100 | M10: 1 | U10: 45536
A11: 45812 | B11: CHE 0001160 | C11: 177 | D11: =VLOOKUP(C11,'MASTER Name List'!$B$3:$M$186,2,FALSE) -> 陈桂香 | E11: 45839 | F11: 45992 | G11: Jul-Dec'25 | H11: =DATEDIF(E11,F11,"M")+1 -> 6 | I11: 50 | J11: =IF($C11="","-",$H11*$I11) -> 300 | M11: 1 | U11: 45566
A12: 45813 | B12: CHE 0001161 | C12: 226 | D12: =VLOOKUP(C12,'MASTER Name List'!$B$3:$M$186,2,FALSE) -> 锺镒壕 | E12: 45748 | F12: 45809 | G12: Apr-Jun'25 | H12: =DATEDIF(E12,F12,"M")+1 -> 3 | I12: 50 | J12: =IF($C12="","-",$H12*$I12) -> 150 | M12: 1 | N12: =SUMIF(M:M,"1",J:J) -> 650 | O12: 10.06.2025 | U12: 45597
A13: 45816 | B13: CHE 0001162 | C13: 114 | D13: =VLOOKUP(C13,'MASTER Name List'!$B$3:$M$186,2,FALSE) -> 刁修淋 | E13: 45778 | F13: 45870 | G13: May-Aug25 | H13: =DATEDIF(E13,F13,"M")+1 -> 4 | I13: 50 | J13: =IF($C13="","-",$H13*$I13) -> 200 | M13: 2 | U13: 45627
A14: 45818 | B14: CHE 0001163 | C14: 23 | D14: =VLOOKUP(C14,'MASTER Name List'!$B$3:$M$186,2,FALSE) -> 罗彩瑛 | E14: 45839 | F14: 45870 | G14: Jul-Aug25 | H14: =DATEDIF(E14,F14,"M")+1 -> 2 | I14: 50 | J14: =IF($C14="","-",$H14*$I14) -> 100 | M14: 2 | U14: 45658
A15: 45818 | B15: CHE 0001164 | C15: 96 | D15: =VLOOKUP(C15,'MASTER Name List'!$B$3:$M$186,2,FALSE) -> 余丽苹 | E15: 45839 | F15: 45992 | G15: Jul-Dec25 | H15: =DATEDIF(E15,F15,"M")+1 -> 6 | I15: 50 | J15: =IF($C15="","-",$H15*$I15) -> 300 | M15: 2 | U15: 45689
A16: 45818 | B16: CHE 0001165 | C16: 106 | D16: =VLOOKUP(C16,'MASTER Name List'!$B$3:$M$186,2,FALSE) -> 文渼媄 | E16: 45839 | F16: 45992 | G16: Jul-Dec25 | H16: =DATEDIF(E16,F16,"M")+1 -> 6 | I16: 50 | J16: =IF($C16="","-",$H16*$I16) -> 300 | M16: 2 | U16: 45717
A17: 45818 | B17: CHE 0001166 | C17: 228 | D17: =VLOOKUP(C17,'MASTER Name List'!$B$3:$M$186,2,FALSE) -> 黄诗霞 | E17: 45839 | F17: 46174 | G17: Jul25-Jun26 | H17: =DATEDIF(E17,F17,"M")+1 -> 12 | I17: 50 | J17: =IF($C17="","-",$H17*$I17) -> 600 | M17: 2 | U17: 45748
A18: 45823 | B18: CHE 0001167 | C18: 42 | D18: =VLOOKUP(C18,'MASTER Name List'!$B$3:$M$186,2,FALSE) -> 李俐赪 | E18: 45839 | F18: 45992 | G18: Jul-Dec25 | H18: =DATEDIF(E18,F18,"M")+1 -> 6 | I18: 50 | J18: =IF($C18="","-",$H18*$I18) -> 300 | M18: 2 | N18: =SUMIF(M:M,"2",J:J) -> 1800 | O18: 23.06.2025 | U18: 45778
A19: 45830 | B19: CHE 0001168 | C19: 170 | D19: =VLOOKUP(C19,'MASTER Name List'!$B$3:$M$186,2,FALSE) -> 陈柔霓 | E19: 45778 | F19: 45809 | G19: May-Jun'25 | H19: =DATEDIF(E19,F19,"M")+1 -> 2 | I19: 50 | J19: =IF($C19="","-",$H19*$I19) -> 100 | M19: 3 | U19: 45809
A20: 45832 | B20: CHE 0001169 | C20: 132 | D20: =VLOOKUP(C20,'MASTER Name List'!$B$3:$M$186,2,FALSE) -> 陈杍䍿 | E20: 45809 | F20: 45870 | G20: Jun-Aug25 | H20: =DATEDIF(E20,F20,"M")+1 -> 3 | I20: 50 | J20: =IF($C20="","-",$H20*$I20) -> 150 | M20: 3 | U20: 45839
A21: 45833 | B21: CHE 0001170 | C21: 99 | D21: =VLOOKUP(C21,'MASTER Name List'!$B$3:$M$186,2,FALSE) -> 吴毓遴 | E21: 45778 | F21: 45992 | G21: May-Dec25 | H21: =DATEDIF(E21,F21,"M")+1 -> 8 | I21: 50 | J21: =IF($C21="","-",$H21*$I21) -> 400 | M21: 3 | U21: 45870
A22: 45834 | B22: CHE 0001171 | C22: 62 | D22: =VLOOKUP(C22,'MASTER Name List'!$B$3:$M$186,2,FALSE) -> 叶淑芳 | E22: 45839 | F22: 45992 | G22: Jul-Dec25 | H22: =DATEDIF(E22,F22,"M")+1 -> 6 | I22: 50 | J22: =IF($C22="","-",$H22*$I22) -> 300 | M22: 3 | N22: =SUMIF(M:M,"3",J:J) -> 950 | O22: 01.07.2025 | U22: 45901
A23: 45838 | B23: CHE 0001172 | C23: 214 | D23: =VLOOKUP(C23,'MASTER Name List'!$B$3:$M$186,2,FALSE) -> 苏淑禛 | E23: 45839 | F23: 45901 | G23: Jul-Sep25 | H23: =DATEDIF(E23,F23,"M")+1 -> 3 | I23: 50 | J23: =IF($C23="","-",$H23*$I23) -> 150 | M23: 4 | N23: =SUMIF(M:M,"4",J:J) -> 150 | O23: 07.07.2025 | U23: 45931
U24: 45962
B25: BANK IN | U25: 45992
A26: 45810 | B26: CHE0001326 | C26: 80 | D26: =VLOOKUP(C26,'MASTER Name List'!$B$3:$M$186,2,FALSE) -> 黄淑芬 | E26: 45809 | F26: 45809 | G26: 45809 | H26: =DATEDIF(E26,F26,"M")+1 -> 1 | I26: 50 | L26: =IF($C26="","-",$H26*$I26) -> 50 | O26: Book No.127 | P26: BT | Q26: Wong Su Fong | S26: #80 | U26: 46023
A27: 45810 | B27: CHE0001327 | C27: 224 | D27: =VLOOKUP(C27,'MASTER Name List'!$B$3:$M$186,2,FALSE) -> 黄文勝 | E27: 45809 | F27: 45809 | G27: 45809 | H27: =DATEDIF(E27,F27,"M")+1 -> 1 | I27: 50 | L27: =IF($C27="","-",$H27*$I27) -> 50 | P27: BT | Q27: Wong Su Fong | S27: #224 | U27: 46054
A28: 45810 | B28: CHE0001328 | C28: 116 | D28: =VLOOKUP(C28,'MASTER Name List'!$B$3:$M$186,2,FALSE) -> 李薇薇 | E28: 45809 | F28: 45809 | G28: 45809 | H28: =DATEDIF(E28,F28,"M")+1 -> 1 | I28: 50 | L28: =IF($C28="","-",$H28*$I28) -> 50 | P28: BT | Q28: Lee Wei Wei | U28: 46082
A29: 45810 | B29: CHE0001329 | C29: 117 | D29: =VLOOKUP(C29,'MASTER Name List'!$B$3:$M$186,2,FALSE) -> 张志文 | E29: 45809 | F29: 45809 | G29: 45809 | H29: =DATEDIF(E29,F29,"M")+1 -> 1 | I29: 50 | L29: =IF($C29="","-",$H29*$I29) -> 50 | P29: BT | Q29: Lee Wei Wei / Chong Chee Wen | U29: 46113
A30: 45813 | B30: CHE0001330 | C30: 52 | D30: =VLOOKUP(C30,'MASTER Name List'!$B$3:$M$186,2,FALSE) -> 陈宝蓉 | E30: 45778 | F30: 45809 | G30: May_Jun25 | H30: =DATEDIF(E30,F30,"M")+1 -> 2 | I30: 50 | L30: =IF($C30="","-",$H30*$I30) -> 100 | P30: BT | Q30: Tan Poh Yong | S30: #52 | U30: 46143
A31: 45815 | B31: CHE0001331 | C31: 162 | D31: =VLOOKUP(C31,'MASTER Name List'!$B$3:$M$186,2,FALSE) -> 方惠贤 | E31: 45839 | F31: 45870 | G31: Jul_Aug25 | H31: =DATEDIF(E31,F31,"M")+1 -> 2 | I31: 50 | L31: =IF($C31="","-",$H31*$I31) -> 100 | P31: BT | Q31: Fong Fui Ying | S31: #162 | U31: 46174
A32: 45815 | B32: CHE0001332 | C32: 102 | D32: =VLOOKUP(C32,'MASTER Name List'!$B$3:$M$186,2,FALSE) -> 戴川凤 | E32: 45778 | F32: 45809 | G32: May_Jun25 | H32: =DATEDIF(E32,F32,"M")+1 -> 2 | I32: 50 | L32: =IF($C32="","-",$H32*$I32) -> 100 | P32: ATM | S32: #102 | U32: 46204
A33: 45815 | B33: CHE0001333 | C33: 137 | D33: =VLOOKUP(C33,'MASTER Name List'!$B$3:$M$186,2,FALSE) -> 赖美珍 | E33: 45809 | F33: 45809 | G33: 45809 | H33: =DATEDIF(E33,F33,"M")+1 -> 1 | I33: 50 | L33: =IF($C33="","-",$H33*$I33) -> 50 | P33: TouchNGo | Q33: Lai Mei Chin | S33: #137 | U33: 46235
A34: 45815 | B34: CHE0001334 | C34: 48 | D34: =VLOOKUP(C34,'MASTER Name List'!$B$3:$M$186,2,FALSE) -> 叶鏸郧 | E34: 45658 | F34: 45717 | G34: Jan_Mar25 | H34: =DATEDIF(E34,F34,"M")+1 -> 3 | I34: 50 | L34: =IF($C34="","-",$H34*$I34) -> 150 | P34: BT | Q34: Ms Yap Hui Yuen | S34: #48 | U34: 46266
A35: 45816 | B35: CHE0001335 | C35: 50 | D35: =VLOOKUP(C35,'MASTER Name List'!$B$3:$M$186,2,FALSE) -> 陈俊达 | E35: 45658 | F35: 45992 | G35: Jan_Dec25 | H35: =DATEDIF(E35,F35,"M")+1 -> 12 | I35: 50 | L35: =IF($C35="","-",$H35*$I35) -> 600 | P35: BT | Q35: Chan Chun Tat | S35: #50 | U35: 46296
A36: 45817 | B36: CHE0001336 | C36: 40 | D36: =VLOOKUP(C36,'MASTER Name List'!$B$3:$M$186,2,FALSE) -> 何梅歆 | E36: 46054 | F36: 46082 | G36: Feb_Mar26 | H36: =DATEDIF(E36,F36,"M")+1 -> 2 | I36: 50 | L36: =IF($C36="","-",$H36*$I36) -> 100 | P36: BT | Q36: Hoo Mei Sing (Michelle) | S36: #40 | U36: 46327
A37: 45833 | B37: CHE0001337 | C37: 64 | D37: =VLOOKUP(C37,'MASTER Name List'!$B$3:$M$186,2,FALSE) -> 韦素枝 | E37: 45778 | F37: 45870 | G37: May_Aug25 | H37: =DATEDIF(E37,F37,"M")+1 -> 4 | I37: 50 | L37: =IF($C37="","-",$H37*$I37) -> 200 | P37: BT | Q37: Wai Soo Gei | S37: #64 | U37: 46357
D38: =VLOOKUP(C38,'MASTER Name List'!$B$3:$M$186,2,FALSE) -> #N/A | H38: =DATEDIF(E38,F38,"M")+1 -> 1 | I38: 50 | L38: =IF($C38="","-",$H38*$I38) -> - | U38: 46388
D39: =VLOOKUP(C39,'MASTER Name List'!$B$3:$M$186,2,FALSE) -> #N/A | H39: =DATEDIF(E39,F39,"M")+1 -> 1 | I39: 50 | L39: =IF($C39="","-",$H39*$I39) -> -
D40: =VLOOKUP(C40,'MASTER Name List'!$B$3:$M$186,2,FALSE) -> #N/A | H40: =DATEDIF(E40,F40,"M")+1 -> 1 | I40: 50 | L40: =IF($C40="","-",$H40*$I40) -> -
D41: =VLOOKUP(C41,'MASTER Name List'!$B$3:$M$186,2,FALSE) -> #N/A | H41: =DATEDIF(E41,F41,"M")+1 -> 1 | I41: 50 | L41: =IF($C41="","-",$H41*$I41) -> -
D42: =VLOOKUP(C42,'MASTER Name List'!$B$3:$M$186,2,FALSE) -> #N/A | H42: =DATEDIF(E42,F42,"M")+1 -> 1 | I42: 50 | L42: =IF($C42="","-",$H42*$I42) -> -
D43: =VLOOKUP(C43,'MASTER Name List'!$B$3:$M$186,2,FALSE) -> #N/A | H43: =DATEDIF(E43,F43,"M")+1 -> 1 | I43: 50 | L43: =IF($C43="","-",$H43*$I43) -> -
L44: =IF($C44="","-",$H44*$I44) -> -
J47: =SUM(J8:J46) -> 3550 | K47: =SUM(K8:K46) -> 0 | L47: =SUM(L8:L46) -> 1600 | N47: =SUM(N8:N46) -> 3550

Sheet Jul-25
AD4: 2025 年 7 月份 - HLB 05500129613
A5: 月费善款 收纳表/ Official Receipt Summary:
F6: 10 | G6: 11 | H6: 12 | I6: 1 | J6: 2 | K6: 3 | L6: 4 | M6: 5 | N6: 6 | O6: 7 | P6: 8 | Q6: 9 | R6: 10 | S6: 11 | T6: 12 | U6: 1 | V6: 2 | W6: 3 | Z6: 金额 Amount (RM) | AD6: ** CDM : Cash Deposit Machine
A7: 日期 Date | B7: 收据编号 Official Receipt No | C7: 月费号码 | D7: 捐款人 姓名 Name | E7: 赞助的月份 Payment for the month of | F7: 45566 | G7: 45597 | H7: 45627 | I7: JAN | J7: FEB | K7: MAR | L7: APR | M7: MAY | N7: JUN | O7: JUL | P7: AUG | Q7: SEP | R7: OCT | S7: NOV | T7: DEC | U7: 45658 | V7: 45689 | W7: 45717 | X7: No.of Month | Y7: 月费 | Z7: 现款 Cash | AA7: 支票 Cheque | AB7: 网上银行转账 Online Bank Transfer | AC7: CDM SEQ | AD7: (CDM) Bank-in Amount | AE7: (CDM) Bank-in Date | AF7: 备注 Remark
Z8: RM | AA8: RM
B9: CHE 0001173 | C9: cancelled | D9: =VLOOKUP(C9,'MASTER Name List'!$B$3:$M$186,2,FALSE) -> #N/A | X9: =COUNTIF($F9:$W9,"X") & "" -> 0 | Y9: 50 | Z9: =COUNTIF($F9:$W9,"X")*$Y9 -> 0 | AF9: OR Book # 124
A10: 45840 | B10: CHE 0001174 | C10: 4 | D10: =VLOOKUP(C10,'MASTER Name List'!$B$3:$M$186,2,FALSE) -> 邹运金 | E10: Jul-Aug25 | O10: X | P10: X | X10: =COUNTIF($F10:$W10,"X") & "" -> 2 | Y10: 50 | Z10: =COUNTIF($F10:$W10,"X")*$Y10 -> 100 | AC10: 1
A11: 45842 | B11: CHE 0001175 | C11: 185 | D11: =VLOOKUP(C11,'MASTER Name List'!$B$3:$M$186,2,FALSE) -> 羅梅瑂 | E11: Jul-Sep25 | O11: X | P11: X | Q11: X | X11: =COUNTIF($F11:$W11,"X") & "" -> 3 | Y11: 50 | Z11: =COUNTIF($F11:$W11,"X")*$Y11 -> 150 | AC11: 1
A12: 45843 | B12: CHE 0001176 | C12: 186 | D12: =VLOOKUP(C12,'MASTER Name List'!$B$3:$M$186,2,FALSE) -> 刘玉云 | E12: Jul-Aug25 | O12: X | P12: X | X12: =COUNTIF($F12:$W12,"X") & "" -> 2 | Y12: 50 | Z12: =COUNTIF($F12:$W12,"X")*$Y12 -> 100 | AC12: 1 | AD12: =SUMIF(AC:AC,"1",Z:Z) -> 350 | AE12: 07.07.2025
A13: 45843 | B13: CHE 0001177 | C13: 223 | D13: =VLOOKUP(C13,'MASTER Name List'!$B$3:$M$186,2,FALSE) -> 黄莉珍 | E13: May-Aug'25 | M13: X | N13: X | O13: X | P13: X | X13: =COUNTIF($F13:$W13,"X") & "" -> 4 | Y13: 50 | Z13: =COUNTIF($F13:$W13,"X")*$Y13 -> 200 | AC13: 2
A14: 45849 | B14: CHE 0001178 | C14: 19 | D14: =VLOOKUP(C14,'MASTER Name List'!$B$3:$M$186,2,FALSE) -> 廖秋华 | E14: May-Jun25 | M14: X | N14: X | X14: =COUNTIF($F14:$W14,"X") & "" -> 2 | Y14: 50 | Z14: =COUNTIF($F14:$W14,"X")*$Y14 -> 100 | AC14: 2
A15: 45851 | B15: CHE 0001179 | C15: 72 | D15: =VLOOKUP(C15,'MASTER Name List'!$B$3:$M$186,2,FALSE) -> 何月琼 | E15: Apr-June'25 | L15: X | M15: X | N15: X | X15: =COUNTIF($F15:$W15,"X") & "" -> 3 | Y15: 50 | Z15: =COUNTIF($F15:$W15,"X")*$Y15 -> 150 | AC15: 2
A16: 45851 | B16: CHE 0001180 | C16: 86 | D16: =VLOOKUP(C16,'MASTER Name List'!$B$3:$M$186,2,FALSE) -> 蔡祥贤 | E16: Apr-June'25 | L16: X | M16: X | N16: X | X16: =COUNTIF($F16:$W16,"X") & "" -> 3 | Y16: 50 | Z16: =COUNTIF($F16:$W16,"X")*$Y16 -> 150 | AC16: 2
A17: 45851 | B17: CHE 0001181 | C17: 180 | D17: =VLOOKUP(C17,'MASTER Name List'!$B$3:$M$186,2,FALSE) -> 蔡健铭 | E17: Apr-June'25 | L17: X | M17: X | N17: X | X17: =COUNTIF($F17:$W17,"X") & "" -> 3 | Y17: 50 | Z17: =COUNTIF($F17:$W17,"X")*$Y17 -> 150 | AC17: 2
A18: 45854 | B18: CHE 0001182 | C18: 126 | D18: =VLOOKUP(C18,'MASTER Name List'!$B$3:$M$186,2,FALSE) -> 张凤 | E18: July-Sept'25 | O18: X | P18: X | Q18: X | X18: =COUNTIF($F18:$W18,"X") & "" -> 3 | Y18: 50 | Z18: =COUNTIF($F18:$W18,"X")*$Y18 -> 150 | AC18: 2
A19: 45854 | B19: CHE 0001183 | C19: 3 | D19: =VLOOKUP(C19,'MASTER Name List'!$B$3:$M$186,2,FALSE) -> Anna Justina | E19: July-Aug'25 | O19: X | P19: X | X19: =COUNTIF($F19:$W19,"X") & "" -> 2 | Y19: 50 | Z19: =COUNTIF($F19:$W19,"X")*$Y19 -> 100 | AC19: 2
A20: 45855 | B20: CHE 0001184 | C20: 208 | D20: =VLOOKUP(C20,'MASTER Name List'!$B$3:$M$186,2,FALSE) -> 萧志倫 | E20: June'25 | N20: X | X20: =COUNTIF($F20:$W20,"X") & "" -> 1 | Y20: 50 | Z20: =COUNTIF($F20:$W20,"X")*$Y20 -> 50 | AC20: 2
A21: 45856 | B21: CHE 0001185 | C21: 170 | D21: =VLOOKUP(C21,'MASTER Name List'!$B$3:$M$186,2,FALSE) -> 陈柔霓 | E21: July-Aug'25 | O21: X | P21: X | X21: =COUNTIF($F21:$W21,"X") & "" -> 2 | Y21: 50 | Z21: =COUNTIF($F21:$W21,"X")*$Y21 -> 100 | AC21: 2
A22: 45857 | B22: CHE 0001186 | C22: 226 | D22: =VLOOKUP(C22,'MASTER Name List'!$B$3:$M$186,2,FALSE) -> 锺镒壕 | E22: July-Sept'25 | O22: X | P22: X | Q22: X | X22: =COUNTIF($F22:$W22,"X") & "" -> 3 | Y22: 50 | Z22: =COUNTIF($F22:$W22,"X")*$Y22 -> 150 | AC22: 2
A23: 45858 | B23: CHE 0001187 | C23: 155 | D23: =VLOOKUP(C23,'MASTER Name List'!$B$3:$M$186,2,FALSE) -> 李宝珠 | E23: Jul_Aug'25 | O23: X | P23: X | X23: =COUNTIF($F23:$W23,"X") & "" -> 2 | Y23: 50 | Z23: =COUNTIF($F23:$W23,"X")*$Y23 -> 100 | AC23: 2 | AD23: =SUMIF(AC:AC,"2",Z:Z) -> 1400 | AE23: 28.07.2025
A24: 45863 | B24: CHE 0001188 | C24: 181 | D24: =VLOOKUP(C24,'MASTER Name List'!$B$3:$M$186,2,FALSE) -> 陈金清 | E24: Jul-Aug25 | O24: X | P24: X | X24: =COUNTIF($F24:$W24,"X") & "" -> 2 | Y24: 50 | Z24: =COUNTIF($F24:$W24,"X")*$Y24 -> 100 | AC24: 3
A25: 45866 | B25: CHE 0001189 | C25: 208 | D25: =VLOOKUP(C25,'MASTER Name List'!$B$3:$M$186,2,FALSE) -> 萧志倫 | E25: 45839 | O25: X | X25: =COUNTIF($F25:$W25,"X") & "" -> 1 | Y25: 50 | Z25: =COUNTIF($F25:$W25,"X")*$Y25 -> 50 | AC25: 3
D26: =VLOOKUP(C26,'MASTER Name List'!$B$3:$M$186,2,FALSE) -> #N/A | X26: =COUNTIF($F26:$W26,"X") & "" -> 0 | Y26: 50 | Z26: =COUNTIF($F26:$W26,"X")*$Y26 -> 0
D27: =VLOOKUP(C27,'MASTER Name List'!$B$3:$M$186,2,FALSE) -> #N/A | X27: =COUNTIF($F27:$W27,"X") & "" -> 0 | Y27: 50 | Z27: =COUNTIF($F27:$W27,"X")*$Y27 -> 0 | AD27: =SUMIF(AC:AC,"3",Z:Z) -> 150
D28: =VLOOKUP(C28,'MASTER Name List'!$B$3:$M$186,2,FALSE) -> #N/A | X28: =COUNTIF($F28:$W28,"X") & "" -> 0 | Z28: =COUNTIF($F28:$W28,"X")*$Y28 -> 0
D29: =VLOOKUP(C29,'MASTER Name List'!$B$3:$M$186,2,FALSE) -> #N/A | X29: =COUNTIF($F29:$W29,"X") & "" -> 0 | Z29: =COUNTIF($F29:$W29,"X")*$Y29 -> 0
D30: =VLOOKUP(C30,'MASTER Name List'!$B$3:$M$186,2,FALSE) -> #N/A | X30: =COUNTIF($F30:$W30,"X") & "" -> 0 | Z30: =COUNTIF($F30:$W30,"X")*$Y30 -> 0
B32: BANK IN
A33: 45839 | C33: 80 | D33: =VLOOKUP(C33,'MASTER Name List'!$B$3:$M$186,2,FALSE) -> 黄淑芬 | E33: 45839 | O33: X | X33: =COUNTIF($F33:$W33,"X") & "" -> 1 | Y33: 50 | AB33: =COUNTIF($F33:$W33,"X")*$Y33 -> 50 | AF33: BT | AG33: Wong Su Fong | AI33: #80
A34: 45839 | C34: 224 | D34: =VLOOKUP(C34,'MASTER Name List'!$B$3:$M$186,2,FALSE) -> 黄文勝 | E34: 45839 | O34: X | X34: =COUNTIF($F34:$W34,"X") & "" -> 1 | Y34: 50 | AB34: =COUNTIF($F34:$W34,"X")*$Y34 -> 50 | AF34: BT | AG34: Wong Su Fong | AI34: #224
A35: 45844 | C35: 137 | D35: =VLOOKUP(C35,'MASTER Name List'!$B$3:$M$186,2,FALSE) -> 赖美珍 | E35: 45839 | O35: X | X35: =COUNTIF($F35:$W35,"X") & "" -> 1 | Y35: 50 | AB35: =COUNTIF($F35:$W35,"X")*$Y35 -> 50 | AF35: ATM | AG35: Lai Mei Chin
A36: 45847 | C36: 172 | D36: =VLOOKUP(C36,'MASTER Name List'!$B$3:$M$186,2,FALSE) -> 蔡均镅 | E36: Jul_Aug25 | O36: X | P36: X | X36: =COUNTIF($F36:$W36,"X") & "" -> 2 | Y36: 50 | AB36: =COUNTIF($F36:$W36,"X")*$Y36 -> 100 | AF36: BT | AG36: Chua Jiun Mei
A37: 45847 | C37: 175 | D37: =VLOOKUP(C37,'MASTER Name List'!$B$3:$M$186,2,FALSE) -> 洪鼎惟 | E37: 45809 | N37: X | X37: =COUNTIF($F37:$W37,"X") & "" -> 1 | Y37: 50 | AB37: =COUNTIF($F37:$W37,"X")*$Y37 -> 50 | AF37: BT | AG37: Hoon Teng Hui
A38: 45851 | C38: 175 | D38: =VLOOKUP(C38,'MASTER Name List'!$B$3:$M$186,2,FALSE) -> 洪鼎惟 | E38: 45839 | O38: X | X38: =COUNTIF($F38:$W38,"X") & "" -> 1 | Y38: 50 | AB38: =COUNTIF($F38:$W38,"X")*$Y38 -> 50 | AF38: BT | AG38: Hoon Teng Hui
A39: 45861 | C39: 52 | D39: =VLOOKUP(C39,'MASTER Name List'!$B$3:$M$186,2,FALSE) -> 陈宝蓉 | E39: Jul_Aug25 | O39: X | P39: X | X39: =COUNTIF($F39:$W39,"X") & "" -> 2 | Y39: 50 | AB39: =COUNTIF($F39:$W39,"X")*$Y39 -> 100 | AF39: BT | AG39: Tan Poh Yong
D40: =VLOOKUP(C40,'MASTER Name List'!$B$3:$M$186,2,FALSE) -> #N/A | X40: =COUNTIF($F40:$W40,"X") & "" -> 0 | Y40: 50 | AB40: =COUNTIF($F40:$W40,"X")*$Y40 -> 0
D41: =VLOOKUP(C41,'MASTER Name List'!$B$3:$M$186,2,FALSE) -> #N/A | X41: =COUNTIF($F41:$W41,"X") & "" -> 0 | Y41: 50 | AB41: =COUNTIF($F41:$W41,"X")*$Y41 -> 0
D42: =VLOOKUP(C42,'MASTER Name List'!$B$3:$M$186,2,FALSE) -> #N/A | X42: =COUNTIF($F42:$W42,"X") & "" -> 0 | Y42: 50 | AB42: =COUNTIF($F42:$W42,"X")*$Y42 -> 0
D43: =VLOOKUP(C43,'MASTER Name List'!$B$3:$M$186,2,FALSE) -> #N/A | X43: =COUNTIF($F43:$W43,"X") & "" -> 0 | Y43: 50 | AB43: =COUNTIF($F43:$W43,"X")*$Y43 -> 0
D44: =VLOOKUP(C44,'MASTER Name List'!$B$3:$M$186,2,FALSE) -> #N/A | X44: =COUNTIF($F44:$W44,"X") & "" -> 0 | Y44: 50 | AB44: =COUNTIF($F44:$W44,"X")*$Y44 -> 0
D45: =VLOOKUP(C45,'MASTER Name List'!$B$3:$M$186,2,FALSE) -> #N/A | X45: =COUNTIF($F45:$W45,"X") & "" -> 0 | Y45: 50 | AB45: =COUNTIF($F45:$W45,"X")*$Y45 -> 0
D46: =VLOOKUP(C46,'MASTER Name List'!$B$3:$M$186,2,FALSE) -> #N/A | X46: =COUNTIF($F46:$W46,"X") & "" -> 0 | Y46: 50 | AB46: =COUNTIF($F46:$W46,"X")*$Y46 -> 0
D47: =VLOOKUP(C47,'MASTER Name List'!$B$3:$M$186,2,FALSE) -> #N/A | X47: =COUNTIF($F47:$W47,"X") & "" -> 0 | Y47: 50 | AB47: =COUNTIF($F47:$W47,"X")*$Y47 -> 0
D48: =VLOOKUP(C48,'MASTER Name List'!$B$3:$M$186,2,FALSE) -> #N/A | X48: =COUNTIF($F48:$W48,"X") & "" -> 0 | Y48: 50 | AB48: =COUNTIF($F48:$W48,"X")*$Y48 -> 0
D49: =VLOOKUP(C49,'MASTER Name List'!$B$3:$M$186,2,FALSE) -> #N/A | X49: =COUNTIF($F49:$W49,"X") & "" -> 0 | Y49: 50 | AB49: =COUNTIF($F49:$W49,"X")*$Y49 -> 0
D50: =VLOOKUP(C50,'MASTER Name List'!$B$3:$M$186,2,FALSE) -> #N/A | X50: =COUNTIF($F50:$W50,"X") & "" -> 0 | Y50: 50 | AB50: =COUNTIF($F50:$W50,"X")*$Y50 -> 0
AB51: =COUNTIF($F51:$W51,"X")*$Y51 -> 0
Z54: =SUM(Z8:Z53) -> 1900 | AA54: =SUM(AA8:AA53) -> 0 | AB54: =SUM(AB8:AB53) -> 450 | AD54: =SUM(AD8:AD53) -> 1900

Sheet Jul-25(New)
N4: 2025 年 7 月份 - HLB 05500129613
A5: 月费善款 收纳表/ Official Receipt Summary: | E5: 赞助的月份
E6: Payment for the month of | J6: 金额 Amount (RM) | N6: ** CDM : Cash Deposit Machine
A7: 日期 Date | B7: 收据编号 Official Receipt No | C7: 月费号码 | D7: 捐款人 姓名 Name | E7: START MONTH | F7: END MONTH | G7: REF. | H7: No.of Month | I7: 月费 | J7: 现款 Cash | K7: 支票 Cheque | L7: 网上银行转账 Online Bank Transfer | M7: CDM SEQ | N7: (CDM) Bank-in Amount | O7: (CDM) Bank-in Date | P7: 备注 Remark
J8: RM | K8: RM
A9: cancelled | B9: CHE 0001173 | D9: =VLOOKUP(C9,'MASTER Name List'!$B$3:$M$186,2,FALSE) -> #N/A | H9: =DATEDIF(E9,F9,"M")+1 -> 1 | I9: 50 | J9: =IF($C9="","-",$H9*$I9) -> - | P9: OR Book # 124
A10: 45840 | B10: CHE 0001174 | C10: 4 | D10: =VLOOKUP(C10,'MASTER Name List'!$B$3:$M$186,2,FALSE) -> 邹运金 | E10: 45839 | F10: 45870 | G10: Jul-Aug25 | H10: =DATEDIF(E10,F10,"M")+1 -> 2 | I10: 50 | J10: =IF($C10="","-",$H10*$I10) -> 100 | M10: 1 | U10: 45536
A11: 45842 | B11: CHE 0001175 | C11: 185 | D11: =VLOOKUP(C11,'MASTER Name List'!$B$3:$M$186,2,FALSE) -> 羅梅瑂 | E11: 45839 | F11: 45901 | G11: Jul-Sep25 | H11: =DATEDIF(E11,F11,"M")+1 -> 3 | I11: 50 | J11: =IF($C11="","-",$H11*$I11) -> 150 | M11: 1 | U11: 45566
A12: 45843 | B12: CHE 0001176 | C12: 186 | D12: =VLOOKUP(C12,'MASTER Name List'!$B$3:$M$186,2,FALSE) -> 刘玉云 | E12: 45839 | F12: 45870 | G12: Jul-Aug25 | H12: =DATEDIF(E12,F12,"M")+1 -> 2 | I12: 50 | J12: =IF($C12="","-",$H12*$I12) -> 100 | M12: 1 | N12: =SUMIF(M:M,"1",J:J) -> 350 | O12: 07.07.2025 | U12: 45597
A13: 45843 | B13: CHE 0001177 | C13: 223 | D13: =VLOOKUP(C13,'MASTER Name List'!$B$3:$M$186,2,FALSE) -> 黄莉珍 | E13: 45778 | F13: 45870 | G13: May-Aug'25 | H13: =DATEDIF(E13,F13,"M")+1 -> 4 | I13: 50 | J13: =IF($C13="","-",$H13*$I13) -> 200 | M13: 2 | U13: 45627
A14: 45849 | B14: CHE 0001178 | C14: 19 | D14: =VLOOKUP(C14,'MASTER Name List'!$B$3:$M$186,2,FALSE) -> 廖秋华 | E14: 45778 | F14: 45809 | G14: May-Jun25 | H14: =DATEDIF(E14,F14,"M")+1 -> 2 | I14: 50 | J14: =IF($C14="","-",$H14*$I14) -> 100 | M14: 2 | U14: 45658
A15: 45851 | B15: CHE 0001179 | C15: 72 | D15: =VLOOKUP(C15,'MASTER Name List'!$B$3:$M$186,2,FALSE) -> 何月琼 | E15: 45748 | F15: 45809 | G15: Apr-June'25 | H15: =DATEDIF(E15,F15,"M")+1 -> 3 | I15: 50 | J15: =IF($C15="","-",$H15*$I15) -> 150 | M15: 2 | U15: 45689
A16: 45851 | B16: CHE 0001180 | C16: 86 | D16: =VLOOKUP(C16,'MASTER Name List'!$B$3:$M$186,2,FALSE) -> 蔡祥贤 | E16: 45748 | F16: 45809 | G16: Apr-June'25 | H16: =DATEDIF(E16,F16,"M")+1 -> 3 | I16: 50 | J16: =IF($C16="","-",$H16*$I16) -> 150 | M16: 2 | U16: 45717
A17: 45851 | B17: CHE 0001181 | C17: 180 | D17: =VLOOKUP(C17,'MASTER Name List'!$B$3:$M$186,2,FALSE) -> 蔡健铭 | E17: 45748 | F17: 45809 | G17: Apr-June'25 | H17: =DATEDIF(E17,F17,"M")+1 -> 3 | I17: 50 | J17: =IF($C17="","-",$H17*$I17) -> 150 | M17: 2 | U17: 45748
A18: 45854 | B18: CHE 0001182 | C18: 126 | D18: =VLOOKUP(C18,'MASTER Name List'!$B$3:$M$186,2,FALSE) -> 张凤 | E18: 45839 | F18: 45901 | G18: July-Sept'25 | H18: =DATEDIF(E18,F18,"M")+1 -> 3 | I18: 50 | J18: =IF($C18="","-",$H18*$I18) -> 150 | M18: 2 | U18: 45778
A19: 45854 | B19: CHE 0001183 | C19: 3 | D19: =VLOOKUP(C19,'MASTER Name List'!$B$3:$M$186,2,FALSE) -> Anna Justina | E19: 45839 | F19: 45870 | G19: July-Aug'25 | H19: =DATEDIF(E19,F19,"M")+1 -> 2 | I19: 50 | J19: =IF($C19="","-",$H19*$I19) -> 100 | M19: 2 | U19: 45809
A20: 45855 | B20: CHE 0001184 | C20: 208 | D20: =VLOOKUP(C20,'MASTER Name List'!$B$3:$M$186,2,FALSE) -> 萧志倫 | E20: 45809 | F20: 45809 | G20: June'25 | H20: =DATEDIF(E20,F20,"M")+1 -> 1 | I20: 50 | J20: =IF($C20="","-",$H20*$I20) -> 50 | M20: 2 | U20: 45839
A21: 45856 | B21: CHE 0001185 | C21: 170 | D21: =VLOOKUP(C21,'MASTER Name List'!$B$3:$M$186,2,FALSE) -> 陈柔霓 | E21: 45839 | F21: 45870 | G21: July-Aug'25 | H21: =DATEDIF(E21,F21,"M")+1 -> 2 | I21: 50 | J21: =IF($C21="","-",$H21*$I21) -> 100 | M21: 2 | U21: 45870
A22: 45857 | B22: CHE 0001186 | C22: 226 | D22: =VLOOKUP(C22,'MASTER Name List'!$B$3:$M$186,2,FALSE) -> 锺镒壕 | E22: 45839 | F22: 45901 | G22: July-Sept'25 | H22: =DATEDIF(E22,F22,"M")+1 -> 3 | I22: 50 | J22: =IF($C22="","-",$H22*$I22) -> 150 | M22: 2 | U22: 45901
A23: 45858 | B23: CHE 0001187 | C23: 155 | D23: =VLOOKUP(C23,'MASTER Name List'!$B$3:$M$186,2,FALSE) -> 李宝珠 | E23: 45839 | F23: 45870 | G23: Jul_Aug'25 | H23: =DATEDIF(E23,F23,"M")+1 -> 2 | I23: 50 | J23: =IF($C23="","-",$H23*$I23) -> 100 | M23: 2 | N23: =SUMIF(M:M,"2",J:J) -> 1400 | O23: 28.07.2025
A24: 45863 | B24: CHE 0001188 | C24: 181 | D24: =VLOOKUP(C24,'MASTER Name List'!$B$3:$M$186,2,FALSE) -> 陈金清 | E24: 45839 | F24: 45870 | G24: Jul-Aug25 | H24: =DATEDIF(E24,F24,"M")+1 -> 2 | I24: 50 | J24: =IF($C24="","-",$H24*$I24) -> 100 | M24: 3
A25: 45866 | B25: CHE 0001189 | C25: 208 | D25: =VLOOKUP(C25,'MASTER Name List'!$B$3:$M$186,2,FALSE) -> 萧志倫 | E25: 45839 | F25: 45839 | G25: 45839 | H25: =DATEDIF(E25,F25,"M")+1 -> 1 | I25: 50 | J25: =IF($C25="","-",$H25*$I25) -> 50 | M25: 3 | N25: =SUMIF(M:M,"3",J:J) -> 150 | O25: 12.08.2025
D26: =VLOOKUP(C26,'MASTER Name List'!$B$3:$M$186,2,FALSE) -> #N/A | H26: =DATEDIF(E26,F26,"M")+1 -> 1 | I26: 50 | J26: =IF($C26="","-",$H26*$I26) -> -
D27: =VLOOKUP(C27,'MASTER Name List'!$B$3:$M$186,2,FALSE) -> #N/A | H27: =DATEDIF(E27,F27,"M")+1 -> 1 | I27: 50 | J27: =IF($C27="","-",$H27*$I27) -> -
D28: =VLOOKUP(C28,'MASTER Name List'!$B$3:$M$186,2,FALSE) -> #N/A | H28: =DATEDIF(E28,F28,"M")+1 -> 1 | I28: 50 | J28: =IF($C28="","-",$H28*$I28) -> -
D29: =VLOOKUP(C29,'MASTER Name List'!$B$3:$M$186,2,FALSE) -> #N/A | H29: =DATEDIF(E29,F29,"M")+1 -> 1 | I29: 50 | J29: =IF($C29="","-",$H29*$I29) -> - | U29: 45931
U30: 45962
B31: BANK IN | U31: 45992
A32: 45839 | B32: CHE0001338 | C32: 80 | D32: =VLOOKUP(C32,'MASTER Name List'!$B$3:$M$186,2,FALSE) -> 黄淑芬 | E32: 45839 | F32: 45839 | G32: 45839 | H32: =DATEDIF(E32,F32,"M")+1 -> 1 | I32: 50 | L32: =IF($C32="","-",$H32*$I32) -> 50 | O32: Book No.127 | P32: BT | Q32: Wong Su Fong | R32: #80 | U32: 46023
A33: 45839 | B33: CHE0001339 | C33: 224 | D33: =VLOOKUP(C33,'MASTER Name List'!$B$3:$M$186,2,FALSE) -> 黄文勝 | E33: 45839 | F33: 45839 | G33: 45839 | H33: =DATEDIF(E33,F33,"M")+1 -> 1 | I33: 50 | L33: =IF($C33="","-",$H33*$I33) -> 50 | P33: BT | Q33: Wong Su Fong | R33: #224 | U33: 46054
A34: 45840 | B34: CHE0001340 | C34: 202 | D34: =VLOOKUP(C34,'MASTER Name List'!$B$3:$M$186,2,FALSE) -> 叶宝钻 | E34: 45839 | F34: 45992 | G34: Jul_Dec25 | H34: =DATEDIF(E34,F34,"M")+1 -> 6 | I34: 50 | L34: =IF($C34="","-",$H34*$I34) -> 300 | P34: BT | Q34: Yap Poh Chan/Tai Siew Fong | R34: #202 | U34: 46082
A35: 45840 | B35: CHE0001341 | C35: 116 | D35: =VLOOKUP(C35,'MASTER Name List'!$B$3:$M$186,2,FALSE) -> 李薇薇 | E35: 45839 | F35: 45839 | G35: 45839 | H35: =DATEDIF(E35,F35,"M")+1 -> 1 | I35: 50 | L35: =IF($C35="","-",$H35*$I35) -> 50 | P35: BT | Q35: Lee Wei Wei | R35: #116 | U35: 46113
A36: 45840 | B36: CHE0001342 | C36: 117 | D36: =VLOOKUP(C36,'MASTER Name List'!$B$3:$M$186,2,FALSE) -> 张志文 | E36: 45839 | F36: 45839 | G36: 45839 | H36: =DATEDIF(E36,F36,"M")+1 -> 1 | I36: 50 | L36: =IF($C36="","-",$H36*$I36) -> 50 | P36: BT | Q36: Lee Wei Wei / Chong Chee Wen | R36: #117 | U36: 46143
A37: 45844 | B37: CHE0001343 | C37: 137 | D37: =VLOOKUP(C37,'MASTER Name List'!$B$3:$M$186,2,FALSE) -> 赖美珍 | E37: 45839 | F37: 45839 | G37: 45839 | H37: =DATEDIF(E37,F37,"M")+1 -> 1 | I37: 50 | L37: =IF($C37="","-",$H37*$I37) -> 50 | P37: ATM | Q37: Lai Mei Chin | R37: #137 | U37: 46174
A38: 45847 | B38: CHE0001344 | C38: 172 | D38: =VLOOKUP(C38,'MASTER Name List'!$B$3:$M$186,2,FALSE) -> 蔡均镅 | E38: 45839 | F38: 45870 | G38: Jul_Aug25 | H38: =DATEDIF(E38,F38,"M")+1 -> 2 | I38: 50 | L38: =IF($C38="","-",$H38*$I38) -> 100 | P38: BT | Q38: Chua Jiun Mei | R38: #172 | U38: 46204
A39: 45847 | B39: CHE0001345 | C39: 175 | D39: =VLOOKUP(C39,'MASTER Name List'!$B$3:$M$186,2,FALSE) -> 洪鼎惟 | E39: 45809 | F39: 45809 | G39: 45809 | H39: =DATEDIF(E39,F39,"M")+1 -> 1 | I39: 50 | L39: =IF($C39="","-",$H39*$I39) -> 50 | P39: BT | Q39: Hoon Teng Hui | R39: #175 | U39: 46235
A40: 45851 | B40: CHE0001346 | C40: 175 | D40: =VLOOKUP(C40,'MASTER Name List'!$B$3:$M$186,2,FALSE) -> 洪鼎惟 | E40: 45839 | F40: 45839 | G40: 45839 | H40: =DATEDIF(E40,F40,"M")+1 -> 1 | I40: 50 | L40: =IF($C40="","-",$H40*$I40) -> 50 | P40: BT | Q40: Hoon Teng Hui | R40: #175 | U40: 46266
A41: 45861 | B41: CHE0001347 | C41: 52 | D41: =VLOOKUP(C41,'MASTER Name List'!$B$3:$M$186,2,FALSE) -> 陈宝蓉 | E41: 45839 | F41: 45870 | G41: Jul_Aug25 | H41: =DATEDIF(E41,F41,"M")+1 -> 2 | I41: 50 | L41: =IF($C41="","-",$H41*$I41) -> 100 | P41: BT | Q41: Tan Poh Yong | R41: #52 | U41: 46296
A42: 45864 | B42: CHE0001348 | C42: 64 | D42: =VLOOKUP(C42,'MASTER Name List'!$B$3:$M$186,2,FALSE) -> 韦素枝 | E42: 45901 | F42: 45992 | G42: Sep-Dec25 | H42: =DATEDIF(E42,F42,"M")+1 -> 4 | I42: 50 | L42: =IF($C42="","-",$H42*$I42) -> 200 | P42: BT | Q42: Wai Soo Gei / Lim Thiam Chai | R42: #64 | U42: 46327
D43: =VLOOKUP(C43,'MASTER Name List'!$B$3:$M$186,2,FALSE) -> #N/A | H43: =DATEDIF(E43,F43,"M")+1 -> 1 | I43: 50 | L43: =IF($C43="","-",$H43*$I43) -> - | U43: 46357
D44: =VLOOKUP(C44,'MASTER Name List'!$B$3:$M$186,2,FALSE) -> #N/A | H44: =DATEDIF(E44,F44,"M")+1 -> 1 | I44: 50 | L44: =IF($C44="","-",$H44*$I44) -> - | U44: 46388
D45: =VLOOKUP(C45,'MASTER Name List'!$B$3:$M$186,2,FALSE) -> #N/A | H45: =DATEDIF(E45,F45,"M")+1 -> 1 | I45: 50 | L45: =IF($C45="","-",$H45*$I45) -> -
D46: =VLOOKUP(C46,'MASTER Name List'!$B$3:$M$186,2,FALSE) -> #N/A | H46: =DATEDIF(E46,F46,"M")+1 -> 1 | I46: 50 | L46: =IF($C46="","-",$H46*$I46) -> -
D47: =VLOOKUP(C47,'MASTER Name List'!$B$3:$M$186,2,FALSE) -> #N/A | H47: =DATEDIF(E47,F47,"M")+1 -> 1 | I47: 50 | L47: =IF($C47="","-",$H47*$I47) -> -
D48: =VLOOKUP(C48,'MASTER Name List'!$B$3:$M$186,2,FALSE) -> #N/A | H48: =DATEDIF(E48,F48,"M")+1 -> 1 | I48: 50 | L48: =IF($C48="","-",$H48*$I48) -> -
D49: =VLOOKUP(C49,'MASTER Name List'!$B$3:$M$186,2,FALSE) -> #N/A | H49: =DATEDIF(E49,F49,"M")+1 -> 1 | I49: 50 | L49: =IF($C49="","-",$H49*$I49) -> -
L50: =IF($C50="","-",$H50*$I50) -> -
J53: =SUM(J8:J52) -> 1900 | K53: =SUM(K8:K52) -> 0 | L53: =SUM(L8:L52) -> 1050 | N53: =SUM(N8:N52) -> 1900

Sheet Aug-25 (New)
N4: 2025 年 8 月份 - HLB 05500129613
A5: 月费善款 收纳表/ Official Receipt Summary: | E5: 赞助的月份
E6: Payment for the month of | J6: 金额 Amount (RM) | N6: ** CDM : Cash Deposit Machine
A7: 日期 Date | B7: 收据编号 Official Receipt No | C7: 月费号码 | D7: 捐款人 姓名 Name | E7: START MONTH | F7: END MONTH | G7: REF. | H7: No.of Month | I7: 月费 | J7: 现款 Cash | K7: 支票 Cheque | L7: 网上银行转账 Online Bank Transfer | M7: CDM SEQ | N7: (CDM) Bank-in Amount | O7: (CDM) Bank-in Date | P7: 备注 Remark
J8: RM | K8: RM
A9: 45872 | B9: CHE 0001190 | C9: 168 | D9: =VLOOKUP(C9,'MASTER Name List'!$B$3:$M$186,2,FALSE) -> 王秋蓉 | E9: 45839 | F9: 45870 | G9: Jul-Aug25 | H9: =DATEDIF(E9,F9,"M")+1 -> 2 | I9: 50 | J9: =IF($C9="","-",$H9*$I9) -> 100 | M9: 1 | N9: =SUMIF(M:M,"1",J:J) -> 100 | O9: 12.08.2025 | P9: OR Book # 124
A10: 45881 | B10: CHE 0001191 | C10: 18 | D10: =VLOOKUP(C10,'MASTER Name List'!$B$3:$M$186,2,FALSE) -> 江杰骏 | E10: 45658 | F10: 45689 | G10: Jan-Feb25 | H10: =DATEDIF(E10,F10,"M")+1 -> 2 | I10: 50 | J10: =IF($C10="","-",$H10*$I10) -> 100 | M10: 2 | W10: 45536
A11: 45895 | B11: CHE 0001192 | C11: 19 | D11: =VLOOKUP(C11,'MASTER Name List'!$B$3:$M$186,2,FALSE) -> 廖秋华 | E11: 45839 | F11: 45992 | G11: Jul-Dec25 | H11: =DATEDIF(E11,F11,"M")+1 -> 6 | I11: 50 | J11: =IF($C11="","-",$H11*$I11) -> 300 | M11: 2 | W11: 45566
A12: 45899 | B12: CHE 0001193 | C12: 170 | D12: =VLOOKUP(C12,'MASTER Name List'!$B$3:$M$186,2,FALSE) -> 陈柔霓 | E12: 45901 | F12: 45931 | G12: Sep-Oct25 | H12: =DATEDIF(E12,F12,"M")+1 -> 2 | I12: 50 | J12: =IF($C12="","-",$H12*$I12) -> 100 | M12: 2 | W12: 45597
A13: 45899 | B13: CHE 0001194 | C13: 184 | D13: =VLOOKUP(C13,'MASTER Name List'!$B$3:$M$186,2,FALSE) -> 赖奕坊 | E13: 45870 | F13: 45931 | G13: Aug-Oct25 | H13: =DATEDIF(E13,F13,"M")+1 -> 3 | I13: 50 | J13: =IF($C13="","-",$H13*$I13) -> 150 | M13: 2 | W13: 45627
A14: 45899 | B14: CHE 0001195 | C14: 229 | D14: =VLOOKUP(C14,'MASTER Name List'!$B$3:$M$186,2,FALSE) -> 陈丽珍 | E14: 45901 | F14: 45931 | G14: Sep-Oct25 | H14: =DATEDIF(E14,F14,"M")+1 -> 2 | I14: 50 | J14: =IF($C14="","-",$H14*$I14) -> 100 | M14: 2 | N14: =SUMIF(M:M,"2",J:J) -> 750 | O14: 17.09.2025 | W14: 45658
D15: =VLOOKUP(C15,'MASTER Name List'!$B$3:$M$186,2,FALSE) -> #N/A | H15: =DATEDIF(E15,F15,"M")+1 -> 1 | I15: 50 | J15: =IF($C15="","-",$H15*$I15) -> - | M15: 3 | W15: 45689
D16: =VLOOKUP(C16,'MASTER Name List'!$B$3:$M$186,2,FALSE) -> #N/A | H16: =DATEDIF(E16,F16,"M")+1 -> 1 | I16: 50 | J16: =IF($C16="","-",$H16*$I16) -> - | M16: 3 | W16: 45717
D17: =VLOOKUP(C17,'MASTER Name List'!$B$3:$M$186,2,FALSE) -> #N/A | H17: =DATEDIF(E17,F17,"M")+1 -> 1 | I17: 50 | J17: =IF($C17="","-",$H17*$I17) -> - | M17: 3 | W17: 45748
D18: =VLOOKUP(C18,'MASTER Name List'!$B$3:$M$186,2,FALSE) -> #N/A | H18: =DATEDIF(E18,F18,"M")+1 -> 1 | I18: 50 | J18: =IF($C18="","-",$H18*$I18) -> - | M18: 3 | W18: 45778
D19: =VLOOKUP(C19,'MASTER Name List'!$B$3:$M$186,2,FALSE) -> #N/A | H19: =DATEDIF(E19,F19,"M")+1 -> 1 | I19: 50 | J19: =IF($C19="","-",$H19*$I19) -> - | M19: 3 | N19: =SUMIF(M:M,"3",J:J) -> 0 | W19: 45809
D20: =VLOOKUP(C20,'MASTER Name List'!$B$3:$M$186,2,FALSE) -> #N/A | H20: =DATEDIF(E20,F20,"M")+1 -> 1 | I20: 50 | J20: =IF($C20="","-",$H20*$I20) -> - | W20: 45839
D21: =VLOOKUP(C21,'MASTER Name List'!$B$3:$M$186,2,FALSE) -> #N/A | H21: =DATEDIF(E21,F21,"M")+1 -> 1 | I21: 50 | J21: =IF($C21="","-",$H21*$I21) -> - | W21: 45870
D22: =VLOOKUP(C22,'MASTER Name List'!$B$3:$M$186,2,FALSE) -> #N/A | H22: =DATEDIF(E22,F22,"M")+1 -> 1 | I22: 50 | J22: =IF($C22="","-",$H22*$I22) -> - | W22: 45901
D23: =VLOOKUP(C23,'MASTER Name List'!$B$3:$M$186,2,FALSE) -> #N/A | H23: =DATEDIF(E23,F23,"M")+1 -> 1 | I23: 50 | J23: =IF($C23="","-",$H23*$I23) -> - | W23: 45931
W24: 45962
B25: BANK IN | W25: 45992
A26: 45870 | B26: CHE0001349 | C26: 116 | D26: =VLOOKUP(C26,'MASTER Name List'!$B$3:$M$186,2,FALSE) -> 李薇薇 | E26: 45870 | F26: 45870 | G26: 45870 | H26: =DATEDIF(E26,F26,"M")+1 -> 1 | I26: 50 | L26: =IF($C26="","-",$H26*$I26) -> 50 | O26: Book No.127 | P26: BT | Q26: Lee Wei Wei | R26: #116 | W26: 46023
A27: 45870 | B27: CHE0001350 | C27: 117 | D27: =VLOOKUP(C27,'MASTER Name List'!$B$3:$M$186,2,FALSE) -> 张志文 | E27: 45870 | F27: 45870 | G27: 45870 | H27: =DATEDIF(E27,F27,"M")+1 -> 1 | I27: 50 | L27: =IF($C27="","-",$H27*$I27) -> 50 | P27: BT | Q27: Lee Wei Wei/Cheong Chee Wen | R27: #117 | W27: 46054
B28: CHE0001351 | D28: CANCELLED | O28: Book No.128 | Q28: Refer to OR No.CHE0001271 (member no.136) | W28: 46082
A29: 45873 | B29: CHE0001352 | C29: 173 | D29: =VLOOKUP(C29,'MASTER Name List'!$B$3:$M$186,2,FALSE) -> 张杍䌻 | E29: 45870 | F29: 46023 | G29: Aug25-Jan26 | H29: =DATEDIF(E29,F29,"M")+1 -> 6 | I29: 50 | L29: =IF($C29="","-",$H29*$I29) -> 300 | P29: BT | Q29: Florence Chong / Chong Nyok Moi | R29: #173 | W29: 46113
A30: 45873 | B30: CHE0001353 | C30: 48 | D30: =VLOOKUP(C30,'MASTER Name List'!$B$3:$M$186,2,FALSE) -> 叶鏸郧 | E30: 45748 | F30: 45809 | G30: Apr_Jun25 | H30: =DATEDIF(E30,F30,"M")+1 -> 3 | I30: 50 | L30: =IF($C30="","-",$H30*$I30) -> 150 | P30: BT | Q30: Yap Hui Yuen | R30: #48 | W30: 46143
A31: 45874 | B31: CHE0001354 | C31: 102 | D31: =VLOOKUP(C31,'MASTER Name List'!$B$3:$M$186,2,FALSE) -> 戴川凤 | E31: 45839 | F31: 45870 | G31: Jul-Aug25 | H31: =DATEDIF(E31,F31,"M")+1 -> 2 | I31: 50 | L31: =IF($C31="","-",$H31*$I31) -> 100 | P31: ATM | R31: #102 | W31: 46174
A32: 45877 | B32: CHE0001355 | C32: 137 | D32: =VLOOKUP(C32,'MASTER Name List'!$B$3:$M$186,2,FALSE) -> 赖美珍 | E32: 45870 | F32: 45870 | G32: 45870 | H32: =DATEDIF(E32,F32,"M")+1 -> 1 | I32: 50 | L32: =IF($C32="","-",$H32*$I32) -> 50 | P32: TouchNGo | Q32: Lai Mei Chin | R32: #137 | W32: 46204
A33: 45877 | B33: CHE0001356 | C33: 175 | D33: =VLOOKUP(C33,'MASTER Name List'!$B$3:$M$186,2,FALSE) -> 洪鼎惟 | E33: 45870 | F33: 45870 | G33: 45870 | H33: =DATEDIF(E33,F33,"M")+1 -> 1 | I33: 50 | L33: =IF($C33="","-",$H33*$I33) -> 50 | P33: BT | Q33: Hoon Teng Hui | R33: #175 | W33: 46235
A34: 45878 | B34: CHE0001357 | C34: 80 | D34: =VLOOKUP(C34,'MASTER Name List'!$B$3:$M$186,2,FALSE) -> 黄淑芬 | E34: 45870 | F34: 45870 | G34: 45870 | H34: =DATEDIF(E34,F34,"M")+1 -> 1 | I34: 50 | L34: =IF($C34="","-",$H34*$I34) -> 50 | P34: BT | Q34: Wong Su Fong | R34: #80 | W34: 46266
A35: 45878 | B35: CHE0001358 | C35: 224 | D35: =VLOOKUP(C35,'MASTER Name List'!$B$3:$M$186,2,FALSE) -> 黄文勝 | E35: 45870 | F35: 45870 | G35: 45870 | H35: =DATEDIF(E35,F35,"M")+1 -> 1 | I35: 50 | L35: =IF($C35="","-",$H35*$I35) -> 50 | P35: BT | Q35: Wong Su Fong | R35: #224 | W35: 46296
A36: 45880 | B36: CHE0001359 | C36: 104 | D36: =VLOOKUP(C36,'MASTER Name List'!$B$3:$M$186,2,FALSE) -> 连美丽 | E36: 45839 | F36: 45870 | G36: Jul-Aug25 | H36: =DATEDIF(E36,F36,"M")+1 -> 2 | I36: 50 | L36: =IF($C36="","-",$H36*$I36) -> 100 | P36: BT | Q36: Lian Mei Li | R36: #104 | W36: 46327
A37: 45895 | B37: CHE0001360 | C37: 145 | D37: =VLOOKUP(C37,'MASTER Name List'!$B$3:$M$186,2,FALSE) -> 许俊豪 | E37: 45901 | F37: 45992 | G37: Sep-Dec25 | H37: =DATEDIF(E37,F37,"M")+1 -> 4 | I37: 50 | L37: =IF($C37="","-",$H37*$I37) -> 200 | P37: BT | Q37: Khor Chun Hoe | R37: #145 | W37: 46357
A38: 45899 | B38: CHE0001361 | C38: 68 | D38: =VLOOKUP(C38,'MASTER Name List'!$B$3:$M$186,2,FALSE) -> 沈观胜 | E38: 45839 | F38: 45901 | G38: Jul_Sep25 | H38: =DATEDIF(E38,F38,"M")+1 -> 3 | I38: 50 | L38: =IF($C38="","-",$H38*$I38) -> 150 | P38: BT | Q38: Sim Kuan Seng | R38: #68 | W38: 46388
D39: =VLOOKUP(C39,'MASTER Name List'!$B$3:$M$186,2,FALSE) -> #N/A | H39: =DATEDIF(E39,F39,"M")+1 -> 1 | I39: 50 | L39: =IF($C39="","-",$H39*$I39) -> -
D40: =VLOOKUP(C40,'MASTER Name List'!$B$3:$M$186,2,FALSE) -> #N/A | H40: =DATEDIF(E40,F40,"M")+1 -> 1 | I40: 50 | L40: =IF($C40="","-",$H40*$I40) -> -
D41: =VLOOKUP(C41,'MASTER Name List'!$B$3:$M$186,2,FALSE) -> #N/A | H41: =DATEDIF(E41,F41,"M")+1 -> 1 | I41: 50 | L41: =IF($C41="","-",$H41*$I41) -> -
D42: =VLOOKUP(C42,'MASTER Name List'!$B$3:$M$186,2,FALSE) -> #N/A | H42: =DATEDIF(E42,F42,"M")+1 -> 1 | I42: 50 | L42: =IF($C42="","-",$H42*$I42) -> -
D43: =VLOOKUP(C43,'MASTER Name List'!$B$3:$M$186,2,FALSE) -> #N/A | H43: =DATEDIF(E43,F43,"M")+1 -> 1 | I43: 50 | L43: =IF($C43="","-",$H43*$I43) -> -
D44: =VLOOKUP(C44,'MASTER Name List'!$B$3:$M$186,2,FALSE) -> #N/A | H44: =DATEDIF(E44,F44,"M")+1 -> 1 | I44: 50 | L44: =IF($C44="","-",$H44*$I44) -> -
L45: =IF($C45="","-",$H45*$I45) -> -
J48: =SUM(J8:J47) -> 850 | K48: =SUM(K8:K47) -> 0 | L48: =SUM(L8:L47) -> 1300 | N48: =SUM(N8:N47) -> 850

Sheet Sep-25
N4: 2025 年 9 月份 - HLB 05500129613
A5: 月费善款 收纳表/ Official Receipt Summary: | E5: 赞助的月份
E6: Payment for the month of | J6: 金额 Amount (RM) | N6: ** CDM : Cash Deposit Machine
A7: 日期 Date | B7: 收据编号 Official Receipt No | C7: 月费号码 | D7: 捐款人 姓名 Name | E7: START MONTH | F7: END MONTH | G7: REF. | H7: No.of Month | I7: 月费 | J7: 现款 Cash | K7: 支票 Cheque | L7: 网上银行转账 Online Bank Transfer | M7: CDM SEQ | N7: (CDM) Bank-in Amount | O7: (CDM) Bank-in Date | P7: 备注 Remark
J8: RM | K8: RM
A9: 45905 | B9: CHE 0001196 | C9: 97 | D9: =VLOOKUP(C9,'MASTER Name List'!$B$3:$M$186,2,FALSE) -> 陈素秋 | E9: 45901 | F9: 45931 | G9: Sep-Oct25 | H9: =DATEDIF(E9,F9,"M")+1 -> 2 | I9: 50 | J9: =IF($C9="","-",$H9*$I9) -> 100 | M9: 1 | P9: OR Book # 124
A10: 45906 | B10: CHE 0001197 | C10: 43 | D10: =VLOOKUP(C10,'MASTER Name List'!$B$3:$M$186,2,FALSE) -> 林德成 | E10: 45839 | F10: 45992 | G10: Jul-Dec25 | H10: =DATEDIF(E10,F10,"M")+1 -> 6 | I10: 50 | J10: =IF($C10="","-",$H10*$I10) -> 300 | M10: 1 | W10: 45536
A11: 45906 | B11: CHE 0001198 | C11: 178 | D11: =VLOOKUP(C11,'MASTER Name List'!$B$3:$M$186,2,FALSE) -> 颜美葒 | E11: 45931 | F11: 45931 | G11: 45931 | H11: =DATEDIF(E11,F11,"M")+1 -> 1 | I11: 50 | J11: =IF($C11="","-",$H11*$I11) -> 50 | M11: 1 | W11: 45566
A12: 45906 | B12: CHE 0001199 | C12: 186 | D12: =VLOOKUP(C12,'MASTER Name List'!$B$3:$M$186,2,FALSE) -> 刘玉云 | E12: 45901 | F12: 45931 | G12: Sep-Oct25 | H12: =DATEDIF(E12,F12,"M")+1 -> 2 | I12: 50 | J12: =IF($C12="","-",$H12*$I12) -> 100 | M12: 1 | W12: 45597
A13: 45906 | B13: CHE 0001200 | C13: 208 | D13: =VLOOKUP(C13,'MASTER Name List'!$B$3:$M$186,2,FALSE) -> 萧志倫 | E13: 45870 | F13: 45870 | G13: 45870 | H13: =DATEDIF(E13,F13,"M")+1 -> 1 | I13: 50 | J13: =IF($C13="","-",$H13*$I13) -> 50 | M13: 1 | N13: =SUMIF(M:M,"1",J:J) -> 600 | O13: 17.09.2055 | W13: 45627
A14: 45910 | B14: CHE 0001251 | C14: 185 | D14: =VLOOKUP(C14,'MASTER Name List'!$B$3:$M$186,2,FALSE) -> 羅梅瑂 | E14: 45931 | F14: 45962 | G14: Oct_Nov25 | H14: =DATEDIF(E14,F14,"M")+1 -> 2 | I14: 50 | J14: =IF($C14="","-",$H14*$I14) -> 100 | M14: 2 | P14: OR Book # 126 | W14: 45658
A15: 45917 | B15: CHE 0001252 | C15: 73 | D15: =VLOOKUP(C15,'MASTER Name List'!$B$3:$M$186,2,FALSE) -> 李宝明 | E15: 45901 | F15: 45992 | G15: Sep_Dec25 | H15: =DATEDIF(E15,F15,"M")+1 -> 4 | I15: 50 | J15: =IF($C15="","-",$H15*$I15) -> 200 | M15: 2 | W15: 45689
A16: 45921 | B16: CHE 0001253 | C16: 155 | D16: =VLOOKUP(C16,'MASTER Name List'!$B$3:$M$186,2,FALSE) -> 李宝珠 | E16: 45901 | F16: 45992 | G16: Sep_Dec25 | H16: =DATEDIF(E16,F16,"M")+1 -> 4 | I16: 50 | J16: =IF($C16="","-",$H16*$I16) -> 200 | M16: 2 | W16: 45717
A17: 45922 | B17: CHE 0001254 | C17: 208 | D17: =VLOOKUP(C17,'MASTER Name List'!$B$3:$M$186,2,FALSE) -> 萧志倫 | E17: 45901 | F17: 45931 | G17: Sep_Oct25 | H17: =DATEDIF(E17,F17,"M")+1 -> 2 | I17: 50 | J17: =IF($C17="","-",$H17*$I17) -> 100 | M17: 2 | W17: 45748
A18: 45922 | B18: CHE 0001255 | C18: 4 | D18: =VLOOKUP(C18,'MASTER Name List'!$B$3:$M$186,2,FALSE) -> 邹运金 | E18: 45901 | F18: 45992 | G18: Sep_Dec25 | H18: =DATEDIF(E18,F18,"M")+1 -> 4 | I18: 50 | J18: =IF($C18="","-",$H18*$I18) -> 200 | M18: 2 | W18: 45778
A19: 45922 | B19: CHE 0001256 | C19: 131 | D19: =VLOOKUP(C19,'MASTER Name List'!$B$3:$M$186,2,FALSE) -> 王康芬 | E19: 45901 | F19: 45992 | G19: Sep_Dec25 | H19: =DATEDIF(E19,F19,"M")+1 -> 4 | I19: 50 | J19: =IF($C19="","-",$H19*$I19) -> 200 | M19: 2 | W19: 45809
A20: 45922 | B20: CHE 0001257 | C20: 214 | D20: =VLOOKUP(C20,'MASTER Name List'!$B$3:$M$186,2,FALSE) -> 苏淑禛 | E20: 45931 | F20: 45992 | G20: Oct_Dec25 | H20: =DATEDIF(E20,F20,"M")+1 -> 3 | I20: 50 | J20: =IF($C20="","-",$H20*$I20) -> 150 | M20: 2 | W20: 45839
A21: 45926 | B21: CHE 0001258 | C21: 134 | D21: =VLOOKUP(C21,'MASTER Name List'!$B$3:$M$186,2,FALSE) -> 黄丽萍 | E21: 45839 | F21: 45931 | G21: Jul_Oct25 | H21: =DATEDIF(E21,F21,"M")+1 -> 4 | I21: 50 | J21: =IF($C21="","-",$H21*$I21) -> 200 | M21: 2 | W21: 45870
A22: 45926 | B22: CHE 0001259 | C22: 135 | D22: =VLOOKUP(C22,'MASTER Name List'!$B$3:$M$186,2,FALSE) -> 刘永耀 | E22: 45839 | F22: 45931 | G22: Jul_Oct25 | H22: =DATEDIF(E22,F22,"M")+1 -> 4 | I22: 50 | J22: =IF($C22="","-",$H22*$I22) -> 200 | M22: 2 | W22: 45901
A23: 45926 | B23: CHE 0001260 | C23: 168 | D23: =VLOOKUP(C23,'MASTER Name List'!$B$3:$M$186,2,FALSE) -> 王秋蓉 | E23: 45901 | F23: 45931 | G23: Sep_Oct25 | H23: =DATEDIF(E23,F23,"M")+1 -> 2 | I23: 50 | J23: =IF($C23="","-",$H23*$I23) -> 100 | M23: 2 | N23: =SUMIF(M:M,"2",J:J) -> 1650 | O23: 29.09.2025 | W23: 45931
A24: 45928 | B24: CHE 0001261 | C24: 163 | D24: =VLOOKUP(C24,'MASTER Name List'!$B$3:$M$186,2,FALSE) -> 周玉暹 | E24: 45658 | F24: 45748 | G24: Jan_Apr25 | H24: =DATEDIF(E24,F24,"M")+1 -> 4 | I24: 50 | J24: =IF($C24="","-",$H24*$I24) -> 200 | M24: 3 | N24: =SUMIF(M:M,"3",J:J) -> 200 | O24: 08.10.2025 | W24: 45962
D25: =VLOOKUP(C25,'MASTER Name List'!$B$3:$M$186,2,FALSE) -> #N/A | H25: =DATEDIF(E25,F25,"M")+1 -> 1 | I25: 50 | J25: =IF($C25="","-",$H25*$I25) -> - | W25: 45992
D26: =VLOOKUP(C26,'MASTER Name List'!$B$3:$M$186,2,FALSE) -> #N/A | H26: =DATEDIF(E26,F26,"M")+1 -> 1 | I26: 50 | J26: =IF($C26="","-",$H26*$I26) -> - | W26: 46023
W27: 46054
B28: BANK IN | W28: 46082
A29: 45901 | B29: CHE0001362 | C29: 162 | D29: =VLOOKUP(C29,'MASTER Name List'!$B$3:$M$186,2,FALSE) -> 方惠贤 | E29: 45901 | F29: 45931 | G29: Sep_Oct25 | H29: =DATEDIF(E29,F29,"M")+1 -> 2 | I29: 50 | L29: =IF($C29="","-",$H29*$I29) -> 100 | O29: Book No.128 | P29: BT | Q29: Fong Fui Ying | T29: #162 | W29: 46113
A30: 45901 | B30: CHE0001363 | C30: 116 | D30: =VLOOKUP(C30,'MASTER Name List'!$B$3:$M$186,2,FALSE) -> 李薇薇 | E30: 45901 | F30: 45901 | G30: 45901 | H30: =DATEDIF(E30,F30,"M")+1 -> 1 | I30: 50 | L30: =IF($C30="","-",$H30*$I30) -> 50 | P30: BT | Q30: Lee Wei Wei | T30: #116 | W30: 46143
A31: 45901 | B31: CHE0001364 | C31: 117 | D31: =VLOOKUP(C31,'MASTER Name List'!$B$3:$M$186,2,FALSE) -> 张志文 | E31: 45901 | F31: 45901 | G31: 45901 | H31: =DATEDIF(E31,F31,"M")+1 -> 1 | I31: 50 | L31: =IF($C31="","-",$H31*$I31) -> 50 | P31: BT | Q31: Lee Wei Wei/Cheong Chee Wen | T31: #117 | W31: 46174
A32: 45904 | B32: CHE0001365 | C32: 172 | D32: =VLOOKUP(C32,'MASTER Name List'!$B$3:$M$186,2,FALSE) -> 蔡均镅 | E32: 45901 | F32: 45931 | G32: Sep_Oct25 | H32: =DATEDIF(E32,F32,"M")+1 -> 2 | I32: 50 | L32: =IF($C32="","-",$H32*$I32) -> 100 | P32: BT | Q32: Chua Jiun Mei | T32: #172 | W32: 46204
A33: 45905 | B33: CHE0001366 | C33: 123 | D33: =VLOOKUP(C33,'MASTER Name List'!$B$3:$M$186,2,FALSE) -> 黄丽娟 | E33: 45839 | F33: 45931 | G33: Jul_Oct25 | H33: =DATEDIF(E33,F33,"M")+1 -> 4 | I33: 50 | L33: =IF($C33="","-",$H33*$I33) -> 200 | P33: BT | Q33: Wong Lee Ken | T33: #123 | W33: 46235
A34: 45908 | B34: CHE0001367 | C34: 24 | D34: =VLOOKUP(C34,'MASTER Name List'!$B$3:$M$186,2,FALSE) -> 陈淑心 | E34: 45839 | F34: 45992 | G34: Jul_Dec25 | H34: =DATEDIF(E34,F34,"M")+1 -> 6 | I34: 50 | L34: =IF($C34="","-",$H34*$I34) -> 300 | P34: BT | Q34: Chan Sook Ling | T34: #24 | W34: 46266
A35: 45908 | B35: CHE0001368 | C35: 137 | D35: =VLOOKUP(C35,'MASTER Name List'!$B$3:$M$186,2,FALSE) -> 赖美珍 | E35: 45901 | F35: 45901 | G35: 45901 | H35: =DATEDIF(E35,F35,"M")+1 -> 1 | I35: 50 | L35: =IF($C35="","-",$H35*$I35) -> 50 | P35: TouchNGo | Q35: Lai Mei Chin | T35: #137 | W35: 46296
A36: 45909 | B36: CHE0001369 | C36: 52 | D36: =VLOOKUP(C36,'MASTER Name List'!$B$3:$M$186,2,FALSE) -> 陈宝蓉 | E36: 45901 | F36: 45931 | G36: Sep_Oct25 | H36: =DATEDIF(E36,F36,"M")+1 -> 2 | I36: 50 | L36: =IF($C36="","-",$H36*$I36) -> 100 | P36: BT | Q36: Tan Poh Yong | T36: #52 | W36: 46327
A37: 45911 | B37: CHE0001370 | C37: 114 | D37: =VLOOKUP(C37,'MASTER Name List'!$B$3:$M$186,2,FALSE) -> 刁修淋 | E37: 45901 | F37: 45992 | G37: Sep_Dec25 | H37: =DATEDIF(E37,F37,"M")+1 -> 4 | I37: 50 | L37: =IF($C37="","-",$H37*$I37) -> 200 | P37: BT | Q37: Teow Siew Ling | T37: #114 | W37: 46357
A38: 45918 | B38: CHE0001371 | C38: 80 | D38: =VLOOKUP(C38,'MASTER Name List'!$B$3:$M$186,2,FALSE) -> 黄淑芬 | E38: 45901 | F38: 45901 | G38: 45901 | H38: =DATEDIF(E38,F38,"M")+1 -> 1 | I38: 50 | L38: =IF($C38="","-",$H38*$I38) -> 50 | P38: BT | Q38: Wong Su Fong | T38: #80 | W38: 46388
A39: 45918 | B39: CHE0001372 | C39: 224 | D39: =VLOOKUP(C39,'MASTER Name List'!$B$3:$M$186,2,FALSE) -> 黄文勝 | E39: 45901 | F39: 45901 | G39: 45901 | H39: =DATEDIF(E39,F39,"M")+1 -> 1 | I39: 50 | L39: =IF($C39="","-",$H39*$I39) -> 50 | P39: BT | Q39: Wong Su Fong | T39: #224 | W39: 46419
D40: =VLOOKUP(C40,'MASTER Name List'!$B$3:$M$186,2,FALSE) -> #N/A | H40: =DATEDIF(E40,F40,"M")+1 -> 1 | I40: 50 | L40: =IF($C40="","-",$H40*$I40) -> - | W40: 46447
D41: =VLOOKUP(C41,'MASTER Name List'!$B$3:$M$186,2,FALSE) -> #N/A | H41: =DATEDIF(E41,F41,"M")+1 -> 1 | I41: 50 | L41: =IF($C41="","-",$H41*$I41) -> - | W41: 46478
D42: =VLOOKUP(C42,'MASTER Name List'!$B$3:$M$186,2,FALSE) -> #N/A | H42: =DATEDIF(E42,F42,"M")+1 -> 1 | I42: 50 | L42: =IF($C42="","-",$H42*$I42) -> - | W42: 46508
D43: =VLOOKUP(C43,'MASTER Name List'!$B$3:$M$186,2,FALSE) -> #N/A | H43: =DATEDIF(E43,F43,"M")+1 -> 1 | I43: 50 | L43: =IF($C43="","-",$H43*$I43) -> - | W43: 46539
D44: =VLOOKUP(C44,'MASTER Name List'!$B$3:$M$186,2,FALSE) -> #N/A | H44: =DATEDIF(E44,F44,"M")+1 -> 1 | I44: 50 | L44: =IF($C44="","-",$H44*$I44) -> - | W44: 46569
D45: =VLOOKUP(C45,'MASTER Name List'!$B$3:$M$186,2,FALSE) -> #N/A | H45: =DATEDIF(E45,F45,"M")+1 -> 1 | I45: 50 | L45: =IF($C45="","-",$H45*$I45) -> - | W45: 46600
D46: =VLOOKUP(C46,'MASTER Name List'!$B$3:$M$186,2,FALSE) -> #N/A | H46: =DATEDIF(E46,F46,"M")+1 -> 1 | I46: 50 | L46: =IF($C46="","-",$H46*$I46) -> - | W46: 46631
L47: =IF($C47="","-",$H47*$I47) -> - | W47: 46661
W48: 46692
W49: 46722
J50: =SUM(J8:J49) -> 2450 | K50: =SUM(K8:K49) -> 0 | L50: =SUM(L8:L49) -> 1250 | N50: =SUM(N8:N49) -> 2450 | W50: 46753
W51: 46784
W52: 46813
W53: 46844
W54: 46874
W55: 46905
W56: 46935
W57: 46966
W58: 46997
W59: 47027
W60: 47058
W61: 47088

Sheet Oct-25
N4: 2025 年 10 月份 - HLB 05500129613
A5: 月费善款 收纳表/ Official Receipt Summary: | E5: 赞助的月份
E6: Payment for the month of | J6: 金额 Amount (RM) | N6: ** CDM : Cash Deposit Machine
A7: 日期 Date | B7: 收据编号 Official Receipt No | C7: 月费号码 | D7: 捐款人 姓名 Name | E7: START MONTH | F7: END MONTH | G7: REF. | H7: No.of Month | I7: 月费 | J7: 现款 Cash | K7: 支票 Cheque | L7: 网上银行转账 Online Bank Transfer | M7: CDM SEQ | N7: (CDM) Bank-in Amount | O7: (CDM) Bank-in Date | P7: 备注 Remark
J8: RM | K8: RM
A9: 45936 | B9: CHE 0001262 | C9: 178 | D9: =VLOOKUP(C9,'MASTER Name List'!$B$3:$M$186,2,FALSE) -> 颜美葒 | E9: 45962 | F9: 45962 | G9: 45962 | H9: =DATEDIF(E9,F9,"M")+1 -> 1 | I9: 50 | J9: =IF($C9="","-",$H9*$I9) -> 50 | M9: 1 | P9: OR Book # 126
A10: 45936 | B10: CHE 0001263 | C10: 180 | D10: =VLOOKUP(C10,'MASTER Name List'!$B$3:$M$186,2,FALSE) -> 蔡健铭 | E10: 45839 | F10: 45901 | G10: Jul_Sep25 | H10: =DATEDIF(E10,F10,"M")+1 -> 3 | I10: 50 | J10: =IF($C10="","-",$H10*$I10) -> 150 | M10: 1 | W10: 45536
A11: 45936 | B11: CHE 0001264 | C11: 86 | D11: =VLOOKUP(C11,'MASTER Name List'!$B$3:$M$186,2,FALSE) -> 蔡祥贤 | E11: 45839 | F11: 45901 | G11: Jul_Sep25 | H11: =DATEDIF(E11,F11,"M")+1 -> 3 | I11: 50 | J11: =IF($C11="","-",$H11*$I11) -> 150 | M11: 1 | W11: 45566
A12: 45936 | B12: CHE 0001265 | C12: 72 | D12: =VLOOKUP(C12,'MASTER Name List'!$B$3:$M$186,2,FALSE) -> 何月琼 | E12: 45839 | F12: 45901 | G12: Jul_Sep25 | H12: =DATEDIF(E12,F12,"M")+1 -> 3 | I12: 50 | J12: =IF($C12="","-",$H12*$I12) -> 150 | M12: 1 | N12: =SUMIF(M:M,"1",J:J) -> 500 | O12: 08.10.2025 | W12: 45597
A13: 45940 | B13: CHE 0001266 | C13: 23 | D13: =VLOOKUP(C13,'MASTER Name List'!$B$3:$M$186,2,FALSE) -> 罗彩瑛 | E13: 45901 | F13: 45992 | G13: Sep_Oct25 | H13: =DATEDIF(E13,F13,"M")+1 -> 4 | I13: 50 | J13: =IF($C13="","-",$H13*$I13) -> 200 | M13: 2 | N13: =SUMIF(M:M,"2",J:J) -> 200 | O13: 13.10.2025 | W13: 45627
A14: 45948 | B14: CHE 0001267 | C14: 223 | D14: =VLOOKUP(C14,'MASTER Name List'!$B$3:$M$186,2,FALSE) -> 黄莉珍 | E14: 45901 | F14: 45992 | G14: Sep_Dec25 | H14: =DATEDIF(E14,F14,"M")+1 -> 4 | I14: 50 | J14: =IF($C14="","-",$H14*$I14) -> 200 | M14: 3 | N14: =SUMIF(M:M,"3",J:J) -> 200 | O14: 22.10.2025 | W14: 45658
A15: 45951 | B15: CHE 0001268 | C15: 96 | D15: =VLOOKUP(C15,'MASTER Name List'!$B$3:$M$186,2,FALSE) -> 余丽苹 | E15: 46023 | F15: 46174 | G15: Jan_Jun26 | H15: =DATEDIF(E15,F15,"M")+1 -> 6 | I15: 50 | J15: =IF($C15="","-",$H15*$I15) -> 300 | M15: 4 | W15: 45689
A16: 45961 | B16: CHE 0001269 | C16: 225 | D16: =VLOOKUP(C16,'MASTER Name List'!$B$3:$M$186,2,FALSE) -> 陈巧欢 | E16: 45748 | F16: 45992 | G16: Apr_Dec25 | H16: =DATEDIF(E16,F16,"M")+1 -> 9 | I16: 50 | J16: =IF($C16="","-",$H16*$I16) -> 450 | M16: 4 | N16: =SUMIF(M:M,"4",J:J) -> 750 | O16: 04.11.2025 | W16: 45717
D17: =VLOOKUP(C17,'MASTER Name List'!$B$3:$M$186,2,FALSE) -> #N/A | H17: =DATEDIF(E17,F17,"M")+1 -> 1 | I17: 50 | J17: =IF($C17="","-",$H17*$I17) -> - | W17: 45748
D18: =VLOOKUP(C18,'MASTER Name List'!$B$3:$M$186,2,FALSE) -> #N/A | H18: =DATEDIF(E18,F18,"M")+1 -> 1 | I18: 50 | J18: =IF($C18="","-",$H18*$I18) -> - | W18: 45778
D19: =VLOOKUP(C19,'MASTER Name List'!$B$3:$M$186,2,FALSE) -> #N/A | H19: =DATEDIF(E19,F19,"M")+1 -> 1 | I19: 50 | J19: =IF($C19="","-",$H19*$I19) -> - | W19: 45809
D20: =VLOOKUP(C20,'MASTER Name List'!$B$3:$M$186,2,FALSE) -> #N/A | H20: =DATEDIF(E20,F20,"M")+1 -> 1 | I20: 50 | J20: =IF($C20="","-",$H20*$I20) -> - | W20: 45839
D21: =VLOOKUP(C21,'MASTER Name List'!$B$3:$M$186,2,FALSE) -> #N/A | H21: =DATEDIF(E21,F21,"M")+1 -> 1 | I21: 50 | J21: =IF($C21="","-",$H21*$I21) -> - | W21: 45870
D22: =VLOOKUP(C22,'MASTER Name List'!$B$3:$M$186,2,FALSE) -> #N/A | H22: =DATEDIF(E22,F22,"M")+1 -> 1 | I22: 50 | J22: =IF($C22="","-",$H22*$I22) -> - | W22: 45901
D23: =VLOOKUP(C23,'MASTER Name List'!$B$3:$M$186,2,FALSE) -> #N/A | H23: =DATEDIF(E23,F23,"M")+1 -> 1 | I23: 50 | J23: =IF($C23="","-",$H23*$I23) -> - | W23: 45931
W24: 45962
B25: BANK IN | W25: 45992
A26: 45931 | B26: CHE0001373 | C26: 116 | D26: =VLOOKUP(C26,'MASTER Name List'!$B$3:$M$186,2,FALSE) -> 李薇薇 | E26: 45931 | F26: 45931 | G26: 45931 | H26: =DATEDIF(E26,F26,"M")+1 -> 1 | I26: 50 | L26: =IF($C26="","-",$H26*$I26) -> 50 | O26: Book No.128 | P26: BT | Q26: Lee Wei Wei | W26: 46023
A27: 45931 | B27: CHE0001374 | C27: 117 | D27: =VLOOKUP(C27,'MASTER Name List'!$B$3:$M$186,2,FALSE) -> 张志文 | E27: 45931 | F27: 45931 | G27: 45931 | H27: =DATEDIF(E27,F27,"M")+1 -> 1 | I27: 50 | L27: =IF($C27="","-",$H27*$I27) -> 50 | P27: BT | Q27: Lee Wei Wei/Cheong Chee Wen | W27: 46054
A28: 45934 | B28: CHE0001375 | C28: 48 | D28: =VLOOKUP(C28,'MASTER Name List'!$B$3:$M$186,2,FALSE) -> 叶鏸郧 | E28: 45839 | F28: 45931 | G28: Jun_Oct25 | H28: =DATEDIF(E28,F28,"M")+1 -> 4 | I28: 50 | L28: =IF($C28="","-",$H28*$I28) -> 200 | P28: BT | Q28: Yap Hui Yuen | W28: 46082
A29: 45934 | B29: CHE0001376 | C29: 128 | D29: =VLOOKUP(C29,'MASTER Name List'!$B$3:$M$186,2,FALSE) -> 萧势襁 | E29: 45931 | F29: 45992 | G29: Oct_Dec25 | H29: =DATEDIF(E29,F29,"M")+1 -> 3 | I29: 50 | L29: =IF($C29="","-",$H29*$I29) -> 150 | P29: BT | Q29: Saw See Keong | W29: 46113
A30: 45935 | B30: CHE0001377 | C30: 102 | D30: =VLOOKUP(C30,'MASTER Name List'!$B$3:$M$186,2,FALSE) -> 戴川凤 | E30: 45901 | F30: 45992 | G30: Sep_Dec25 | H30: =DATEDIF(E30,F30,"M")+1 -> 4 | I30: 50 | L30: =IF($C30="","-",$H30*$I30) -> 200 | P30: ATM | Q30: Tai Kim Poh | W30: 46143
A31: 45936 | B31: CHE0001378 | C31: 175 | D31: 洪鼎惟 | E31: 45901 | F31: 45901 | G31: 45901 | H31: =DATEDIF(E31,F31,"M")+1 -> 1 | I31: 50 | L31: =IF($C31="","-",$H31*$I31) -> 50 | P31: BT | Q31: Hoon Teng Hui | W31: 46174
A32: 45936 | B32: CHE0001379 | C32: 193 | D32: 许艾婷 | E32: 45658 | F32: 45809 | G32: Jan_Jun25 | H32: =DATEDIF(E32,F32,"M")+1 -> 6 | I32: 50 | L32: =IF($C32="","-",$H32*$I32) -> 300 | P32: BT | Q32: Hooy AI Teng / Hong Jian Tyre | W32: 46204
A33: 45943 | B33: CHE0001380 | C33: 103 | D33: 林采諺 | E33: 45901 | F33: 45992 | G33: Sep_Dec25 | H33: =DATEDIF(E33,F33,"M")+1 -> 4 | I33: 50 | L33: =IF($C33="","-",$H33*$I33) -> 200 | P33: BT | Q33: Lam Choi Yin | W33: 46235
A34: 45948 | B34: CHE0001381 | C34: 104 | D34: 连美丽 | E34: 45901 | F34: 45992 | G34: Sep_Dec25 | H34: =DATEDIF(E34,F34,"M")+1 -> 4 | I34: 50 | L34: =IF($C34="","-",$H34*$I34) -> 200 | P34: BT | Q34: Lien Mei Li | W34: 46266
A35: 45948 | B35: CHE0001382 | C35: 137 | D35: 赖美珍 | E35: 45931 | F35: 45931 | G35: 45931 | H35: =DATEDIF(E35,F35,"M")+1 -> 1 | I35: 50 | L35: =IF($C35="","-",$H35*$I35) -> 50 | P35: TouchNGo | Q35: Lai Mei Chin | W35: 46296
A36: 45951 | B36: CHE0001383 | C36: 175 | D36: 洪鼎惟 | E36: 45931 | F36: 45931 | G36: 45931 | H36: =DATEDIF(E36,F36,"M")+1 -> 1 | I36: 50 | L36: =IF($C36="","-",$H36*$I36) -> 50 | P36: BT | Q36: Hoon Teng Hui | W36: 46327
A37: 45958 | B37: CHE0001384 | C37: 70 | D37: 李䘤帷 | E37: 45870 | F37: 46023 | G37: Aug25_Jan26 | H37: =DATEDIF(E37,F37,"M")+1 -> 6 | I37: 50 | L37: =IF($C37="","-",$H37*$I37) -> 300 | P37: BT | Q37: Lee Lai Kheng | W37: 46357
D38: =VLOOKUP(C38,'MASTER Name List'!$B$3:$M$186,2,FALSE) -> #N/A | H38: =DATEDIF(E38,F38,"M")+1 -> 1 | I38: 50 | L38: =IF($C38="","-",$H38*$I38) -> - | W38: 46388
D39: =VLOOKUP(C39,'MASTER Name List'!$B$3:$M$186,2,FALSE) -> #N/A | H39: =DATEDIF(E39,F39,"M")+1 -> 1 | I39: 50 | L39: =IF($C39="","-",$H39*$I39) -> - | W39: 46419
D40: =VLOOKUP(C40,'MASTER Name List'!$B$3:$M$186,2,FALSE) -> #N/A | H40: =DATEDIF(E40,F40,"M")+1 -> 1 | I40: 50 | L40: =IF($C40="","-",$H40*$I40) -> - | W40: 46447
D41: =VLOOKUP(C41,'MASTER Name List'!$B$3:$M$186,2,FALSE) -> #N/A | H41: =DATEDIF(E41,F41,"M")+1 -> 1 | I41: 50 | L41: =IF($C41="","-",$H41*$I41) -> - | W41: 46478
D42: =VLOOKUP(C42,'MASTER Name List'!$B$3:$M$186,2,FALSE) -> #N/A | H42: =DATEDIF(E42,F42,"M")+1 -> 1 | I42: 50 | L42: =IF($C42="","-",$H42*$I42) -> - | W42: 46508
D43: =VLOOKUP(C43,'MASTER Name List'!$B$3:$M$186,2,FALSE) -> #N/A | H43: =DATEDIF(E43,F43,"M")+1 -> 1 | I43: 50 | L43: =IF($C43="","-",$H43*$I43) -> - | W43: 46539
L44: =IF($C44="","-",$H44*$I44) -> - | W44: 46569
W45: 46600
W46: 46631
J47: =SUM(J8:J46) -> 1650 | K47: =SUM(K8:K46) -> 0 | L47: =SUM(L8:L46) -> 1800 | N47: =SUM(N8:N46) -> 1650 | W47: 46661
W48: 46692
W49: 46722
W50: 46753
W51: 46784
W52: 46813
W53: 46844
W54: 46874
W55: 46905
W56: 46935
W57: 46966
W58: 46997
W59: 47027
... W61: 47088

Sheet Nov-25
N4: 2025 年 11 月份 - HLB 05500129613
A5: 月费善款 收纳表/ Official Receipt Summary: | E5: 赞助的月份
E6: Payment for the month of | J6: 金额 Amount (RM) | N6: ** CDM : Cash Deposit Machine
A7: 日期 Date | B7: 收据编号 Official Receipt No | C7: 月费号码 | D7: 捐款人 姓名 Name | E7: START MONTH | F7: END MONTH | G7: REF. | H7: No.of Month | I7: 月费 | J7: 现款 Cash | K7: 支票 Cheque | L7: 网上银行转账 Online Bank Transfer | M7: CDM SEQ | N7: (CDM) Bank-in Amount | O7: (CDM) Bank-in Date | P7: 备注 Remark
J8: RM | K8: RM
A9: 45963 | B9: CHE 0001270 | C9: 33 | D9: =VLOOKUP(C9,'MASTER Name List'!$B$3:$M$186,2,FALSE) -> 房薇玲 | E9: 45839 | F9: 45992 | G9: Jul_Dec25 | H9: =DATEDIF(E9,F9,"M")+1 -> 6 | I9: 50 | J9: =IF($C9="","-",$H9*$I9) -> 300 | M9: 1 | N9: =SUMIF(M:M,"1",J:J) -> 300 | O9: 04.11.2025 | P9: OR Book # 126
A10: 45969 | B10: CHE 0001271 | C10: 136 | D10: =VLOOKUP(C10,'MASTER Name List'!$B$3:$M$186,2,FALSE) -> 赖宝珍 | E10: 45839 | F10: 45992 | G10: Jul_Dec25 | H10: =DATEDIF(E10,F10,"M")+1 -> 6 | I10: 50 | J10: =IF($C10="","-",$H10*$I10) -> 300 | M10: 2 | Q10: Refere to OR#0001351 | W10: 45536
A11: 45969 | B11: CHE 0001272 | C11: 178 | D11: =VLOOKUP(C11,'MASTER Name List'!$B$3:$M$186,2,FALSE) -> 颜美葒 | E11: 45992 | F11: 45992 | G11: 45992 | H11: =DATEDIF(E11,F11,"M")+1 -> 1 | I11: 50 | J11: =IF($C11="","-",$H11*$I11) -> 50 | M11: 2 | W11: 45566
A12: 45969 | B12: CHE 0001273 | C12: 186 | D12: =VLOOKUP(C12,'MASTER Name List'!$B$3:$M$186,2,FALSE) -> 刘玉云 | E12: 45962 | F12: 45992 | G12: Nov_Dec25 | H12: =DATEDIF(E12,F12,"M")+1 -> 2 | I12: 50 | J12: =IF($C12="","-",$H12*$I12) -> 100 | M12: 2 | W12: 45597
A13: 45969 | B13: CHE 0001274 | C13: 126 | D13: =VLOOKUP(C13,'MASTER Name List'!$B$3:$M$186,2,FALSE) -> 张凤 | E13: 45931 | F13: 45992 | G13: Oct_Dec25 | H13: =DATEDIF(E13,F13,"M")+1 -> 3 | I13: 50 | J13: =IF($C13="","-",$H13*$I13) -> 150 | M13: 2 | W13: 45627
A14: 45970 | B14: CHE 0001275 | C14: 97 | D14: =VLOOKUP(C14,'MASTER Name List'!$B$3:$M$186,2,FALSE) -> 陈素秋 | E14: 45962 | F14: 45992 | G14: Nov_Dec25 | H14: =DATEDIF(E14,F14,"M")+1 -> 2 | I14: 50 | J14: =IF($C14="","-",$H14*$I14) -> 100 | M14: 2 | W14: 45658
A15: 45970 | B15: CHE 0001276 | C15: 3 | D15: =VLOOKUP(C15,'MASTER Name List'!$B$3:$M$186,2,FALSE) -> Anna Justina | E15: 45901 | F15: 45931 | G15: Sep_Oct25 | H15: =DATEDIF(E15,F15,"M")+1 -> 2 | I15: 50 | J15: =IF($C15="","-",$H15*$I15) -> 100 | M15: 2 | N15: =SUMIF(M:M,"2",J:J) -> 800 | O15: 17.11.2025 | W15: 45689
A16: 45975 | B16: CHE 0001277 | C16: 170 | D16: =VLOOKUP(C16,'MASTER Name List'!$B$3:$M$186,2,FALSE) -> 陈柔霓 | E16: 45962 | F16: 45992 | G16: Nov_Dec25 | H16: =DATEDIF(E16,F16,"M")+1 -> 2 | I16: 50 | J16: =IF($C16="","-",$H16*$I16) -> 100 | M16: 3 | W16: 45717
A17: 45981 | B17: CHE 0001278 | C17: 208 | D17: =VLOOKUP(C17,'MASTER Name List'!$B$3:$M$186,2,FALSE) -> 萧志倫 | E17: 45962 | F17: 45962 | G17: 45962 | H17: =DATEDIF(E17,F17,"M")+1 -> 1 | I17: 50 | J17: =IF($C17="","-",$H17*$I17) -> 50 | M17: 3 | N17: =SUMIF(M:M,"3",J:J) -> 150 | O17: 26.11.2025 | W17: 45748
D18: =VLOOKUP(C18,'MASTER Name List'!$B$3:$M$186,2,FALSE) -> #N/A | H18: =DATEDIF(E18,F18,"M")+1 -> 1 | I18: 50 | J18: =IF($C18="","-",$H18*$I18) -> - | W18: 45778
D19: =VLOOKUP(C19,'MASTER Name List'!$B$3:$M$186,2,FALSE) -> #N/A | H19: =DATEDIF(E19,F19,"M")+1 -> 1 | I19: 50 | J19: =IF($C19="","-",$H19*$I19) -> - | W19: 45809
D20: =VLOOKUP(C20,'MASTER Name List'!$B$3:$M$186,2,FALSE) -> #N/A | H20: =DATEDIF(E20,F20,"M")+1 -> 1 | I20: 50 | J20: =IF($C20="","-",$H20*$I20) -> - | W20: 45839
D21: =VLOOKUP(C21,'MASTER Name List'!$B$3:$M$186,2,FALSE) -> #N/A | H21: =DATEDIF(E21,F21,"M")+1 -> 1 | I21: 50 | J21: =IF($C21="","-",$H21*$I21) -> - | W21: 45870
D22: =VLOOKUP(C22,'MASTER Name List'!$B$3:$M$186,2,FALSE) -> #N/A | H22: =DATEDIF(E22,F22,"M")+1 -> 1 | I22: 50 | J22: =IF($C22="","-",$H22*$I22) -> - | W22: 45901
D23: =VLOOKUP(C23,'MASTER Name List'!$B$3:$M$186,2,FALSE) -> #N/A | H23: =DATEDIF(E23,F23,"M")+1 -> 1 | I23: 50 | J23: =IF($C23="","-",$H23*$I23) -> - | W23: 45931
W24: 45962
B25: BANK IN | W25: 45992
A26: 45962 | B26: CHE0001385 | C26: 116 | D26: =VLOOKUP(C26,'MASTER Name List'!$B$3:$M$186,2,FALSE) -> 李薇薇 | E26: 45962 | F26: 45962 | G26: 45962 | H26: =DATEDIF(E26,F26,"M")+1 -> 1 | I26: 50 | L26: =IF($C26="","-",$H26*$I26) -> 50 | O26: Book No.128 | P26: BT | Q26: Lee Wei Wei | W26: 46023
A27: 45962 | B27: CHE0001386 | C27: 117 | D27: =VLOOKUP(C27,'MASTER Name List'!$B$3:$M$186,2,FALSE) -> 张志文 | E27: 45962 | F27: 45962 | G27: 45962 | H27: =DATEDIF(E27,F27,"M")+1 -> 1 | I27: 50 | L27: =IF($C27="","-",$H27*$I27) -> 50 | P27: BT | Q27: Lee Wei Wei/Cheong Chee Wen | W27: 46054
A28: 45963 | B28: CHE0001387 | C28: 80 | D28: =VLOOKUP(C28,'MASTER Name List'!$B$3:$M$186,2,FALSE) -> 黄淑芬 | E28: 45931 | F28: 45962 | G28: Oct_Nov25 | H28: =DATEDIF(E28,F28,"M")+1 -> 2 | I28: 50 | L28: =IF($C28="","-",$H28*$I28) -> 100 | P28: BT | Q28: Wong Su Fong | W28: 46082
A29: 45963 | B29: CHE0001388 | C29: 224 | D29: =VLOOKUP(C29,'MASTER Name List'!$B$3:$M$186,2,FALSE) -> 黄文勝 | E29: 45931 | F29: 45962 | G29: Oct_Nov25 | H29: =DATEDIF(E29,F29,"M")+1 -> 2 | I29: 50 | L29: =IF($C29="","-",$H29*$I29) -> 100 | P29: BT | Q29: Wong Su Fong | W29: 46113
A30: 45964 | B30: CHE0001389 | C30: 14 | D30: =VLOOKUP(C30,'MASTER Name List'!$B$3:$M$186,2,FALSE) -> 廖佳韵 | E30: 45778 | F30: 45992 | G30: May_Dec25 | H30: =DATEDIF(E30,F30,"M")+1 -> 8 | I30: 50 | L30: =IF($C30="","-",$H30*$I30) -> 400 | P30: BT | Q30: Lian Jia Yin | W30: 46143
A31: 45965 | B31: CHE0001390 | C31: 162 | D31: =VLOOKUP(C31,'MASTER Name List'!$B$3:$M$186,2,FALSE) -> 方惠贤 | E31: 45962 | F31: 45992 | G31: Nov_Dec25 | H31: =DATEDIF(E31,F31,"M")+1 -> 2 | I31: 50 | L31: =IF($C31="","-",$H31*$I31) -> 100 | P31: BT | Q31: Fong Fui Ying | W31: 46174
A32: 45965 | B32: CHE0001391 | C32: 172 | D32: =VLOOKUP(C32,'MASTER Name List'!$B$3:$M$186,2,FALSE) -> 蔡均镅 | E32: 45962 | F32: 45992 | G32: Nov_Dec25 | H32: =DATEDIF(E32,F32,"M")+1 -> 2 | I32: 50 | L32: =IF($C32="","-",$H32*$I32) -> 100 | P32: BT | Q32: Chua Jiun Mei | W32: 46204
A33: 45965 | B33: CHE0001392 | C33: 175 | D33: =VLOOKUP(C33,'MASTER Name List'!$B$3:$M$186,2,FALSE) -> 洪鼎惟 | E33: 45962 | F33: 45962 | G33: 45962 | H33: =DATEDIF(E33,F33,"M")+1 -> 1 | I33: 50 | L33: =IF($C33="","-",$H33*$I33) -> 50 | P33: BT | Q33: Hoon Teng Hui | W33: 46235
A34: 45977 | B34: CHE0001393 | C34: 52 | D34: =VLOOKUP(C34,'MASTER Name List'!$B$3:$M$186,2,FALSE) -> 陈宝蓉 | E34: 45962 | F34: 45992 | G34: Nov_Dec25 | H34: =DATEDIF(E34,F34,"M")+1 -> 2 | I34: 50 | L34: =IF($C34="","-",$H34*$I34) -> 100 | P34: BT | Q34: Tan Poh Yong | W34: 46266
A35: 45977 | B35: CHE0001394 | C35: 137 | D35: =VLOOKUP(C35,'MASTER Name List'!$B$3:$M$186,2,FALSE) -> 赖美珍 | E35: 45962 | F35: 45962 | G35: 45962 | H35: =DATEDIF(E35,F35,"M")+1 -> 1 | I35: 50 | L35: =IF($C35="","-",$H35*$I35) -> 50 | P35: TouchNGo | Q35: Lai Mei Chin | W35: 46296
D36: =VLOOKUP(C36,'MASTER Name List'!$B$3:$M$186,2,FALSE) -> #N/A | H36: =DATEDIF(E36,F36,"M")+1 -> 1 | I36: 50 | L36: =IF($C36="","-",$H36*$I36) -> - | W36: 46327
D37: =VLOOKUP(C37,'MASTER Name List'!$B$3:$M$186,2,FALSE) -> #N/A | H37: =DATEDIF(E37,F37,"M")+1 -> 1 | I37: 50 | L37: =IF($C37="","-",$H37*$I37) -> - | W37: 46357
D38: =VLOOKUP(C38,'MASTER Name List'!$B$3:$M$186,2,FALSE) -> #N/A | H38: =DATEDIF(E38,F38,"M")+1 -> 1 | I38: 50 | L38: =IF($C38="","-",$H38*$I38) -> - | W38: 46388
D39: =VLOOKUP(C39,'MASTER Name List'!$B$3:$M$186,2,FALSE) -> #N/A | H39: =DATEDIF(E39,F39,"M")+1 -> 1 | I39: 50 | L39: =IF($C39="","-",$H39*$I39) -> - | W39: 46419
D40: =VLOOKUP(C40,'MASTER Name List'!$B$3:$M$186,2,FALSE) -> #N/A | H40: =DATEDIF(E40,F40,"M")+1 -> 1 | I40: 50 | L40: =IF($C40="","-",$H40*$I40) -> - | W40: 46447
D41: =VLOOKUP(C41,'MASTER Name List'!$B$3:$M$186,2,FALSE) -> #N/A | H41: =DATEDIF(E41,F41,"M")+1 -> 1 | I41: 50 | L41: =IF($C41="","-",$H41*$I41) -> - | W41: 46478
D42: =VLOOKUP(C42,'MASTER Name List'!$B$3:$M$186,2,FALSE) -> #N/A | H42: =DATEDIF(E42,F42,"M")+1 -> 1 | I42: 50 | L42: =IF($C42="","-",$H42*$I42) -> - | W42: 46508
D43: =VLOOKUP(C43,'MASTER Name List'!$B$3:$M$186,2,FALSE) -> #N/A | H43: =DATEDIF(E43,F43,"M")+1 -> 1 | I43: 50 | L43: =IF($C43="","-",$H43*$I43) -> - | W43: 46539
L44: =IF($C44="","-",$H44*$I44) -> - | W44: 46569
W45: 46600
W46: 46631
J47: =SUM(J8:J46) -> 1250 | K47: =SUM(K8:K46) -> 0 | L47: =SUM(L8:L46) -> 1100 | N47: =SUM(N8:N46) -> 1250 | W47: 46661
W48: 46692
W49: 46722
W50: 46753
W51: 46784
W52: 46813
W53: 46844
W54: 46874
W55: 46905
W56: 46935
W57: 46966
W58: 46997
W59: 47027
... W61: 47088

Sheet Dec-25
N4: 2025 年 11 月份 - HLB 05500129613
A5: 月费善款 收纳表/ Official Receipt Summary: | E5: 赞助的月份
E6: Payment for the month of | J6: 金额 Amount (RM) | N6: ** CDM : Cash Deposit Machine
A7: 日期 Date | B7: 收据编号 Official Receipt No | C7: 月费号码 | D7: 捐款人 姓名 Name | E7: START MONTH | F7: END MONTH | G7: REF. | H7: No.of Month | I7: 月费 | J7: 现款 Cash | K7: 支票 Cheque | L7: 网上银行转账 Online Bank Transfer | M7: CDM SEQ | N7: (CDM) Bank-in Amount | O7: (CDM) Bank-in Date | P7: 备注 Remark
J8: RM | K8: RM
A9: 45994 | B9: CHE 0001279 | C9: 226 | D9: =VLOOKUP(C9,'MASTER Name List'!$B$3:$M$186,2,FALSE) -> 锺镒壕 | E9: 45931 | F9: 45992 | G9: Oct_Dec25 | H9: =DATEDIF(E9,F9,"M")+1 -> 3 | I9: 50 | J9: =IF($C9="","-",$H9*$I9) -> 150 | M9: 1 | P9: OR Book # 126
A10: 45995 | B10: CHE 0001280 | C10: 168 | D10: =VLOOKUP(C10,'MASTER Name List'!$B$3:$M$186,2,FALSE) -> 王秋蓉 | E10: 45962 | F10: 45992 | G10: Nov_Dec25 | H10: =DATEDIF(E10,F10,"M")+1 -> 2 | I10: 50 | J10: =IF($C10="","-",$H10*$I10) -> 100 | M10: 1 | W10: 45536
A11: 45999 | B11: CHE 0001281 | C11: 151 | D11: =VLOOKUP(C11,'MASTER Name List'!$B$3:$M$186,2,FALSE) -> 翁俊斌 | E11: 46023 | F11: 46357 | G11: Jan_Dec26 | H11: =DATEDIF(E11,F11,"M")+1 -> 12 | I11: 50 | J11: =IF($C11="","-",$H11*$I11) -> 600 | M11: 1 | W11: 45566
A12: 46002 | B12: CHE 0001282 | C12: 181 | D12: =VLOOKUP(C12,'MASTER Name List'!$B$3:$M$186,2,FALSE) -> 陈金清 | E12: 45901 | F12: 45931 | G12: Sep_Oct25 | H12: =DATEDIF(E12,F12,"M")+1 -> 2 | I12: 50 | J12: =IF($C12="","-",$H12*$I12) -> 100 | M12: 1 | N12: =SUMIF(M:M,"1",J:J) -> 950 | O12: 15.12.2025 | W12: 45597
A13: 46013 | B13: CHE 0001283 | C13: 173 | D13: =VLOOKUP(C13,'MASTER Name List'!$B$3:$M$186,2,FALSE) -> 张杍䌻 | E13: 46054 | F13: 46082 | G13: Feb_Mar26 | H13: =DATEDIF(E13,F13,"M")+1 -> 2 | I13: 50 | J13: =IF($C13="","-",$H13*$I13) -> 100 | M13: 2 | W13: 45627
A14: 46014 | B14: CHE 0001284 | C14: 132 | D14: =VLOOKUP(C14,'MASTER Name List'!$B$3:$M$186,2,FALSE) -> 陈杍䍿 | E14: 45901 | F14: 45962 | G14: Sep_Nov25 | H14: =DATEDIF(E14,F14,"M")+1 -> 3 | I14: 50 | J14: =IF($C14="","-",$H14*$I14) -> 150 | M14: 2 | W14: 45658
A15: 46014 | B15: CHE 0001285 | C15: 229 | D15: =VLOOKUP(C15,'MASTER Name List'!$B$3:$M$186,2,FALSE) -> 陈丽珍 | E15: 45962 | F15: 45992 | G15: Nov_Dec25 | H15: =DATEDIF(E15,F15,"M")+1 -> 2 | I15: 50 | J15: =IF($C15="","-",$H15*$I15) -> 100 | M15: 2 | W15: 45689
A16: 46014 | B16: CHE 0001286 | C16: 229 | D16: =VLOOKUP(C16,'MASTER Name List'!$B$3:$M$186,2,FALSE) -> 陈丽珍 | E16: 46023 | F16: 46174 | G16: Jan_Jun26 | H16: =DATEDIF(E16,F16,"M")+1 -> 6 | I16: 50 | J16: =IF($C16="","-",$H16*$I16) -> 300 | M16: 2 | W16: 45717
A17: 46015 | B17: CHE 0001287 | C17: 4 | D17: =VLOOKUP(C17,'MASTER Name List'!$B$3:$M$186,2,FALSE) -> 邹运金 | E17: 46023 | F17: 46082 | G17: Jan_Mar26 | H17: =DATEDIF(E17,F17,"M")+1 -> 3 | I17: 50 | J17: =IF($C17="","-",$H17*$I17) -> 150 | M17: 2 | W17: 45748
A18: 46015 | B18: CHE 0001288 | C18: 177 | D18: =VLOOKUP(C18,'MASTER Name List'!$B$3:$M$186,2,FALSE) -> 陈桂香 | E18: 46023 | F18: 46174 | G18: Jan_Jun26 | H18: =DATEDIF(E18,F18,"M")+1 -> 6 | I18: 50 | J18: =IF($C18="","-",$H18*$I18) -> 300 | M18: 2 | N18: =SUMIF(M:M,"2",J:J) -> 1100 | O18: 29.12.2025 | W18: 45778
A19: 46018 | B19: CHE 0001289 | C19: 178 | D19: =VLOOKUP(C19,'MASTER Name List'!$B$3:$M$186,2,FALSE) -> 颜美葒 | E19: 46023 | F19: 46023 | G19: 46023 | H19: =DATEDIF(E19,F19,"M")+1 -> 1 | I19: 50 | J19: =IF($C19="","-",$H19*$I19) -> 50 | M19: 3 | W19: 45809
A20: 46018 | B20: CHE 0001290 | C20: 184 | D20: =VLOOKUP(C20,'MASTER Name List'!$B$3:$M$186,2,FALSE) -> 赖奕坊 | E20: 45962 | F20: 45992 | G20: Nov_Dec25 | H20: =DATEDIF(E20,F20,"M")+1 -> 2 | I20: 50 | J20: =IF($C20="","-",$H20*$I20) -> 100 | M20: 3 | W20: 45839
A21: 46018 | B21: CHE 0001291 | C21: 23 | D21: =VLOOKUP(C21,'MASTER Name List'!$B$3:$M$186,2,FALSE) -> 罗彩瑛 | E21: 46023 | F21: 46054 | G21: Jan_Feb26 | H21: =DATEDIF(E21,F21,"M")+1 -> 2 | I21: 50 | J21: =IF($C21="","-",$H21*$I21) -> 100 | M21: 3 | N21: =SUMIF(M:M,"3",J:J) -> 250 | O21: 06.01.2026 | W21: 45870
D22: =VLOOKUP(C22,'MASTER Name List'!$B$3:$M$186,2,FALSE) -> #N/A | H22: =DATEDIF(E22,F22,"M")+1 -> 1 | I22: 50 | J22: =IF($C22="","-",$H22*$I22) -> - | W22: 45901
D23: =VLOOKUP(C23,'MASTER Name List'!$B$3:$M$186,2,FALSE) -> #N/A | H23: =DATEDIF(E23,F23,"M")+1 -> 1 | I23: 50 | J23: =IF($C23="","-",$H23*$I23) -> - | W23: 45931
W24: 45962
B25: BANK IN | W25: 45992
A26: 45993 | B26: CHE0001395 | C26: 116 | D26: =VLOOKUP(C26,'MASTER Name List'!$B$3:$M$186,2,FALSE) -> 李薇薇 | E26: 45992 | F26: 45992 | G26: 45992 | H26: =DATEDIF(E26,F26,"M")+1 -> 1 | I26: 50 | L26: =IF($C26="","-",$H26*$I26) -> 50 | O26: Book No.128 | Q26: Lee Wei Wei | W26: 46023
A27: 45993 | B27: CHE0001396 | C27: 117 | D27: =VLOOKUP(C27,'MASTER Name List'!$B$3:$M$186,2,FALSE) -> 张志文 | E27: 45992 | F27: 45992 | G27: 45992 | H27: =DATEDIF(E27,F27,"M")+1 -> 1 | I27: 50 | L27: =IF($C27="","-",$H27*$I27) -> 50 | Q27: Lee Wei Wei/Cheong Chee Wen | W27: 46054
A28: 45993 | B28: CHE0001397 | C28: 123 | D28: =VLOOKUP(C28,'MASTER Name List'!$B$3:$M$186,2,FALSE) -> 黄丽娟 | E28: 45962 | F28: 45992 | G28: Nov_Dec25 | H28: =DATEDIF(E28,F28,"M")+1 -> 2 | I28: 50 | L28: =IF($C28="","-",$H28*$I28) -> 100 | P28: BT | Q28: Wong Lee Kuan | W28: 46082
A29: 45995 | B29: CHE0001398 | C29: 80 | D29: =VLOOKUP(C29,'MASTER Name List'!$B$3:$M$186,2,FALSE) -> 黄淑芬 | E29: 45992 | F29: 46054 | G29: Dec25_Feb26 | H29: =DATEDIF(E29,F29,"M")+1 -> 3 | I29: 50 | L29: =IF($C29="","-",$H29*$I29) -> 150 | P29: BT | Q29: Wong Su Fong | W29: 46113
A30: 45995 | B30: CHE0001399 | C30: 224 | D30: =VLOOKUP(C30,'MASTER Name List'!$B$3:$M$186,2,FALSE) -> 黄文勝 | E30: 45992 | F30: 46054 | G30: Dec25_Feb26 | H30: =DATEDIF(E30,F30,"M")+1 -> 3 | I30: 50 | L30: =IF($C30="","-",$H30*$I30) -> 150 | P30: BT | Q30: Wong Su Fong | W30: 46143
A31: 46002 | B31: CHE0001400 | C31: 137 | D31: =VLOOKUP(C31,'MASTER Name List'!$B$3:$M$186,2,FALSE) -> 赖美珍 | E31: 45992 | F31: 45992 | G31: 45992 | H31: =DATEDIF(E31,F31,"M")+1 -> 1 | I31: 50 | L31: =IF($C31="","-",$H31*$I31) -> 50 | P31: TouchNGo | Q31: Lai Mei Chin | W31: 46174
A32: 46007 | B32: CHE0001501 | C32: 68 | D32: =VLOOKUP(C32,'MASTER Name List'!$B$3:$M$186,2,FALSE) -> 沈观胜 | E32: 45931 | F32: 45992 | G32: Oct_Dec25 | H32: =DATEDIF(E32,F32,"M")+1 -> 3 | I32: 50 | L32: =IF($C32="","-",$H32*$I32) -> 150 | O32: Book No.31 | P32: BT | Q32: Sim Kuan Seng | W32: 46204
A33: 46009 | B33: CHE0001502 | C33: 128 | D33: =VLOOKUP(C33,'MASTER Name List'!$B$3:$M$186,2,FALSE) -> 萧势襁 | E33: 46023 | F33: 46174 | G33: Jan_Jun26 | H33: =DATEDIF(E33,F33,"M")+1 -> 6 | I33: 50 | L33: =IF($C33="","-",$H33*$I33) -> 300 | P33: BT | Q33: Saw See Keong | W33: 46235
A34: 46011 | B34: CHE0001503 | C34: 175 | D34: =VLOOKUP(C34,'MASTER Name List'!$B$3:$M$186,2,FALSE) -> 洪鼎惟 | E34: 45992 | F34: 45992 | G34: 45992 | H34: =DATEDIF(E34,F34,"M")+1 -> 1 | I34: 50 | L34: =IF($C34="","-",$H34*$I34) -> 50 | P34: BT | Q34: Hoon Teng Hui | W34: 46266
A35: 46016 | B35: CHE0001504 | C35: 163 | D35: =VLOOKUP(C35,'MASTER Name List'!$B$3:$M$186,2,FALSE) -> 周玉暹 | E35: 45778 | F35: 45931 | G35: May_Oct25 | H35: =DATEDIF(E35,F35,"M")+1 -> 6 | I35: 50 | L35: =IF($C35="","-",$H35*$I35) -> 300 | P35: BT | Q35: Lim Lai Peng / Chew Giat Siam | W35: 46296
A36: 46022 | B36: CHE0001505 | C36: 162 | D36: =VLOOKUP(C36,'MASTER Name List'!$B$3:$M$186,2,FALSE) -> 方惠贤 | E36: 46023 | F36: 46054 | G36: Jan_Feb26 | H36: =DATEDIF(E36,F36,"M")+1 -> 2 | I36: 50 | L36: =IF($C36="","-",$H36*$I36) -> 100 | P36: BT | Q36: Fong Fui Ying | W36: 46327
D37: =VLOOKUP(C37,'MASTER Name List'!$B$3:$M$186,2,FALSE) -> #N/A | H37: =DATEDIF(E37,F37,"M")+1 -> 1 | I37: 50 | L37: =IF($C37="","-",$H37*$I37) -> - | W37: 46357
D38: =VLOOKUP(C38,'MASTER Name List'!$B$3:$M$186,2,FALSE) -> #N/A | H38: =DATEDIF(E38,F38,"M")+1 -> 1 | I38: 50 | L38: =IF($C38="","-",$H38*$I38) -> - | W38: 46388
D39: =VLOOKUP(C39,'MASTER Name List'!$B$3:$M$186,2,FALSE) -> #N/A | H39: =DATEDIF(E39,F39,"M")+1 -> 1 | I39: 50 | L39: =IF($C39="","-",$H39*$I39) -> - | W39: 46419
D40: =VLOOKUP(C40,'MASTER Name List'!$B$3:$M$186,2,FALSE) -> #N/A | H40: =DATEDIF(E40,F40,"M")+1 -> 1 | I40: 50 | L40: =IF($C40="","-",$H40*$I40) -> - | W40: 46447
D41: =VLOOKUP(C41,'MASTER Name List'!$B$3:$M$186,2,FALSE) -> #N/A | H41: =DATEDIF(E41,F41,"M")+1 -> 1 | I41: 50 | L41: =IF($C41="","-",$H41*$I41) -> - | W41: 46478
D42: =VLOOKUP(C42,'MASTER Name List'!$B$3:$M$186,2,FALSE) -> #N/A | H42: =DATEDIF(E42,F42,"M")+1 -> 1 | I42: 50 | L42: =IF($C42="","-",$H42*$I42) -> - | W42: 46508
D43: =VLOOKUP(C43,'MASTER Name List'!$B$3:$M$186,2,FALSE) -> #N/A | H43: =DATEDIF(E43,F43,"M")+1 -> 1 | I43: 50 | L43: =IF($C43="","-",$H43*$I43) -> - | W43: 46539
L44: =IF($C44="","-",$H44*$I44) -> - | W44: 46569
W45: 46600
W46: 46631
J47: =SUM(J8:J46) -> 2300 | K47: =SUM(K8:K46) -> 0 | L47: =SUM(L8:L46) -> 1450 | N47: =SUM(N8:N46) -> 2300 | W47: 46661
W48: 46692
W49: 46722
W50: 46753
W51: 46784
W52: 46813
W53: 46844
W54: 46874
W55: 46905
W56: 46935
W57: 46966
W58: 46997
W59: 47027
... W61: 47088

Sheet Jan-26
N4: 2026 年 1 月份 - HLB 05500129613
A5: 月费善款 收纳表/ Official Receipt Summary: | E5: 赞助的月份
E6: Payment for the month of | J6: 金额 Amount (RM) | N6: ** CDM : Cash Deposit Machine
A7: 日期 Date | B7: 收据编号 Official Receipt No | C7: 月费号码 | D7: 捐款人 姓名 Name | E7: START MONTH | F7: END MONTH | G7: REF. | H7: No.of Month | I7: 月费 | J7: 现款 Cash | K7: 支票 Cheque | L7: 网上银行转账 Online Bank Transfer | M7: CDM SEQ | N7: (CDM) Bank-in Amount | O7: (CDM) Bank-in Date | P7: 备注 Remark
J8: RM | K8: RM
A9: 46023 | B9: CHE 0001292 | C9: 170 | D9: =VLOOKUP(C9,'MASTER Name List'!$B$3:$M$186,2,FALSE) -> 陈柔霓 | E9: 46023 | F9: 46023 | G9: 46023 | H9: =DATEDIF(E9,F9,"M")+1 -> 1 | I9: 50 | J9: =IF($C9="","-",$H9*$I9) -> 50 | M9: 1 | P9: OR Book # 126
A10: 46025 | B10: CHE 0001293 | C10: 181 | D10: =VLOOKUP(C10,'MASTER Name List'!$B$3:$M$186,2,FALSE) -> 陈金清 | E10: 45962 | F10: 45992 | G10: Nov_Dec25 | H10: =DATEDIF(E10,F10,"M")+1 -> 2 | I10: 50 | J10: =IF($C10="","-",$H10*$I10) -> 100 | M10: 1 | W10: 45536
A11: 46025 | B11: CHE 0001294 | C11: 189 | D11: =VLOOKUP(C11,'MASTER Name List'!$B$3:$M$186,2,FALSE) -> 张秀杏 | E11: 46023 | F11: 46357 | G11: Jan_Dec26 | H11: =DATEDIF(E11,F11,"M")+1 -> 12 | I11: 50 | J11: =IF($C11="","-",$H11*$I11) -> 600 | M11: 1 | W11: 45566
A12: 46025 | B12: CHE 0001295 | C12: 202 | D12: =VLOOKUP(C12,'MASTER Name List'!$B$3:$M$186,2,FALSE) -> 叶宝钻 | E12: 46023 | F12: 46357 | G12: Jan_Dec26 | H12: =DATEDIF(E12,F12,"M")+1 -> 12 | I12: 50 | J12: =IF($C12="","-",$H12*$I12) -> 600 | M12: 1 | W12: 45597
A13: 46025 | B13: CHE 0001296 | C13: 62 | D13: =VLOOKUP(C13,'MASTER Name List'!$B$3:$M$186,2,FALSE) -> 叶淑芳 | E13: 46023 | F13: 46174 | G13: Jan_Jun26 | H13: =DATEDIF(E13,F13,"M")+1 -> 6 | I13: 50 | J13: =IF($C13="","-",$H13*$I13) -> 300 | M13: 1 | W13: 45627
A14: 46027 | B14: CHE 0001297 | C14: 208 | D14: =VLOOKUP(C14,'MASTER Name List'!$B$3:$M$186,2,FALSE) -> 萧志倫 | E14: 45992 | F14: 46023 | G14: Dec_Jan26 | H14: =DATEDIF(E14,F14,"M")+1 -> 2 | I14: 50 | J14: =IF($C14="","-",$H14*$I14) -> 100 | M14: 3 | W14: 45658
A15: 46025 | B15: CHE 0001298 | C15: 106 | D15: =VLOOKUP(C15,'MASTER Name List'!$B$3:$M$186,2,FALSE) -> 文渼媄 | E15: 46023 | F15: 46023 | G15: 46023 | H15: =DATEDIF(E15,F15,"M")+1 -> 1 | I15: 50 | J15: =IF($C15="","-",$H15*$I15) -> 50 | M15: 1 | W15: 45689
A16: 46025 | B16: CHE 0001299 | C16: 106 | D16: =VLOOKUP(C16,'MASTER Name List'!$B$3:$M$186,2,FALSE) -> 文渼媄 | E16: 46054 | F16: 46054 | G16: 46054 | H16: =DATEDIF(E16,F16,"M")+1 -> 1 | I16: 50 | J16: =IF($C16="","-",$H16*$I16) -> 50 | M16: 1 | W16: 45717
A17: 46025 | B17: CHE 0001300 | C17: 106 | D17: =VLOOKUP(C17,'MASTER Name List'!$B$3:$M$186,2,FALSE) -> 文渼媄 | E17: 46082 | F17: 46082 | G17: 46082 | H17: =DATEDIF(E17,F17,"M")+1 -> 1 | I17: 50 | J17: =IF($C17="","-",$H17*$I17) -> 50 | M17: 1 | N17: =SUMIF(M:M,"1",J:J) -> 1800 | O17: 06.01.2026 | W17: 45748
A18: 46025 | B18: CHE 0001401 | C18: 99 | D18: =VLOOKUP(C18,'MASTER Name List'!$B$3:$M$186,2,FALSE) -> 吴毓遴 | E18: 46023 | F18: 46082 | G18: Jan_Mar26 | H18: =DATEDIF(E18,F18,"M")+1 -> 3 | I18: 50 | J18: =IF($C18="","-",$H18*$I18) -> 150 | M18: 2 | P18: OR Book # 129 | W18: 45778
A19: 46025 | B19: CHE 0001402 | C19: 120 | D19: =VLOOKUP(C19,'MASTER Name List'!$B$3:$M$186,2,FALSE) -> 王碧琳 | E19: 46023 | F19: 46357 | G19: Jan_Dec26 | H19: =DATEDIF(E19,F19,"M")+1 -> 12 | I19: 50 | J19: =IF($C19="","-",$H19*$I19) -> 600 | M19: 2 | W19: 45809
A20: 46025 | B20: CHE 0001403 | C20: 214 | D20: =VLOOKUP(C20,'MASTER Name List'!$B$3:$M$186,2,FALSE) -> 苏淑禛 | E20: 46023 | F20: 46082 | G20: Jan_Mar26 | H20: =DATEDIF(E20,F20,"M")+1 -> 3 | I20: 50 | J20: =IF($C20="","-",$H20*$I20) -> 150 | M20: 2 | W20: 45839
A21: 46025 | B21: CHE 0001404 | C21: 11 | D21: =VLOOKUP(C21,'MASTER Name List'!$B$3:$M$186,2,FALSE) -> 方玉芬 | E21: 46023 | F21: 46357 | G21: Jan_Dec26 | H21: =DATEDIF(E21,F21,"M")+1 -> 12 | I21: 50 | J21: =IF($C21="","-",$H21*$I21) -> 600 | M21: 2 | W21: 45870
A22: 46025 | B22: CHE 0001405 | C22: 225 | D22: =VLOOKUP(C22,'MASTER Name List'!$B$3:$M$186,2,FALSE) -> 陈巧欢 | E22: 46023 | F22: 46357 | G22: Jan_Dec26 | H22: =DATEDIF(E22,F22,"M")+1 -> 12 | I22: 50 | J22: =IF($C22="","-",$H22*$I22) -> 600 | M22: 2 | W22: 45901
A23: 46026 | B23: CHE 0001406 | C23: 69 | D23: =VLOOKUP(C23,'MASTER Name List'!$B$3:$M$186,2,FALSE) -> 卢锭伟 | E23: 46023 | F23: 46174 | G23: Jan_Jun26 | H23: =DATEDIF(E23,F23,"M")+1 -> 6 | I23: 50 | J23: =IF($C23="","-",$H23*$I23) -> 300 | M23: 2 | W23: 45931
A24: 46026 | B24: CHE 0001407 | C24: 42 | D24: =VLOOKUP(C24,'MASTER Name List'!$B$3:$M$186,2,FALSE) -> 李俐赪 | E24: 46023 | F24: 46174 | G24: Jan_Jun26 | H24: =DATEDIF(E24,F24,"M")+1 -> 6 | I24: 50 | J24: =IF($C24="","-",$H24*$I24) -> 300 | M24: 2 | N24: =SUMIF(M:M,"2",J:J) -> 2700 | O24: 06.01.2026 | W24: 45962
A25: 46027 | B25: CHE 0001408 | C25: 194 | D25: =VLOOKUP(C25,'MASTER Name List'!$B$3:$M$186,2,FALSE) -> 杨建成 | E25: 46023 | F25: 46113 | G25: Jan_Apr26 | H25: =DATEDIF(E25,F25,"M")+1 -> 4 | I25: 50 | J25: =IF($C25="","-",$H25*$I25) -> 200 | M25: 3 | W25: 45992
A26: 46027 | B26: CHE 0001409 | C26: 36 | D26: =VLOOKUP(C26,'MASTER Name List'!$B$3:$M$186,2,FALSE) -> 钱淑娟 | E26: 46023 | F26: 46357 | G26: Jan_Dec26 | H26: =DATEDIF(E26,F26,"M")+1 -> 12 | I26: 50 | J26: =IF($C26="","-",$H26*$I26) -> 600 | M26: 3 | W26: 46023
A27: 46030 | B27: CHE 0001410 | C27: 19 | D27: =VLOOKUP(C27,'MASTER Name List'!$B$3:$M$186,2,FALSE) -> 廖秋华 | E27: 46023 | F27: 46174 | G27: Jan_Jun26 | H27: =DATEDIF(E27,F27,"M")+1 -> 6 | I27: 50 | J27: =IF($C27="","-",$H27*$I27) -> 300 | M27: 3 | W27: 46054
A28: 46030 | B28: CHE 0001411 | C28: 97 | D28: =VLOOKUP(C28,'MASTER Name List'!$B$3:$M$186,2,FALSE) -> 陈素秋 | E28: 46023 | F28: 46113 | G28: Jan_Apr26 | H28: =DATEDIF(E28,F28,"M")+1 -> 4 | I28: 50 | J28: =IF($C28="","-",$H28*$I28) -> 200 | M28: 3 | W28: 46082
A29: 46033 | B29: CHE 0001412 | C29: 219 | D29: =VLOOKUP(C29,'MASTER Name List'!$B$3:$M$186,2,FALSE) -> 伍蔚枋 | E29: 46023 | F29: 46357 | G29: Jan_Dec26 | H29: =DATEDIF(E29,F29,"M")+1 -> 12 | I29: 50 | J29: =IF($C29="","-",$H29*$I29) -> 600 | M29: 3 | N29: =SUMIF(M:M,"3",J:J) -> 2000 | O29: 14.01.2026 | W29: 46113
A30: 46036 | B30: CHE 0001413 | C30: 73 | D30: =VLOOKUP(C30,'MASTER Name List'!$B$3:$M$186,2,FALSE) -> 李宝明 | E30: 46023 | F30: 46113 | G30: Jan_Apr26 | H30: =DATEDIF(E30,F30,"M")+1 -> 4 | I30: 50 | J30: =IF($C30="","-",$H30*$I30) -> 200 | M30: 4 | W30: 46143
A31: 46037 | B31: CHE 0001414 | C31: 185 | D31: =VLOOKUP(C31,'MASTER Name List'!$B$3:$M$186,2,FALSE) -> 羅梅瑂 | E31: 45992 | F31: 45992 | G31: 45992 | H31: =DATEDIF(E31,F31,"M")+1 -> 1 | I31: 50 | J31: =IF($C31="","-",$H31*$I31) -> 50 | M31: 4 | W31: 46174
A32: 46037 | B32: CHE 0001415 | C32: 185 | D32: =VLOOKUP(C32,'MASTER Name List'!$B$3:$M$186,2,FALSE) -> 羅梅瑂 | E32: 46023 | F32: 46082 | G32: Jan_Mar26 | H32: =DATEDIF(E32,F32,"M")+1 -> 3 | I32: 50 | J32: =IF($C32="","-",$H32*$I32) -> 150 | M32: 4 | W32: 46204
A33: 46038 | B33: CHE 0001416 | C33: 126 | D33: =VLOOKUP(C33,'MASTER Name List'!$B$3:$M$186,2,FALSE) -> 张凤 | E33: 46023 | F33: 46082 | G33: Jan_Mar26 | H33: =DATEDIF(E33,F33,"M")+1 -> 3 | I33: 50 | J33: =IF($C33="","-",$H33*$I33) -> 150 | M33: 4 | W33: 46235
A34: 46039 | B34: CHE 0001417 | C34: 90 | D34: =VLOOKUP(C34,'MASTER Name List'!$B$3:$M$186,2,FALSE) -> 程秋萍 | E34: 46023 | F34: 46357 | G34: Jan_Dec26 | H34: =DATEDIF(E34,F34,"M")+1 -> 12 | I34: 50 | J34: =IF($C34="","-",$H34*$I34) -> 600 | M34: 4 | N34: =SUMIF(M:M,"4",J:J) -> 1150 | O34: 26.01.2026 | W34: 46266
A35: 46041 | B35: CHE 0001418 | C35: 74 | D35: =VLOOKUP(C35,'MASTER Name List'!$B$3:$M$186,2,FALSE) -> 黄得财 | E35: 46023 | F35: 46082 | G35: Jan_Mar26 | H35: =DATEDIF(E35,F35,"M")+1 -> 3 | I35: 50 | J35: =IF($C35="","-",$H35*$I35) -> 150 | M35: 5 | W35: 46296
A36: 46041 | B36: CHE 0001419 | C36: 168 | D36: =VLOOKUP(C36,'MASTER Name List'!$B$3:$M$186,2,FALSE) -> 王秋蓉 | E36: 46023 | F36: 46054 | G36: Jan_Feb26 | H36: =DATEDIF(E36,F36,"M")+1 -> 2 | I36: 50 | J36: =IF($C36="","-",$H36*$I36) -> 100 | M36: 5 | W36: 46327
A37: 46041 | B37: CHE 0001420 | C37: 127 | D37: =VLOOKUP(C37,'MASTER Name List'!$B$3:$M$186,2,FALSE) -> 陈梅兰 | E37: 46023 | F37: 46357 | G37: Jan_Dec26 | H37: =DATEDIF(E37,F37,"M")+1 -> 12 | I37: 50 | J37: =IF($C37="","-",$H37*$I37) -> 600 | M37: 5 | W37: 46357
A38: 46045 | B38: CHE 0001421 | C38: 226 | D38: =VLOOKUP(C38,'MASTER Name List'!$B$3:$M$186,2,FALSE) -> 锺镒壕 | E38: 46023 | F38: 46054 | G38: Jan_Feb26 | H38: =DATEDIF(E38,F38,"M")+1 -> 2 | I38: 50 | J38: =IF($C38="","-",$H38*$I38) -> 100 | M38: 5 | W38: 46388
A39: 46048 | B39: CHE 0001422 | C39: 178 | D39: =VLOOKUP(C39,'MASTER Name List'!$B$3:$M$186,2,FALSE) -> 颜美葒 | E39: 46054 | F39: 46054 | G39: 46054 | H39: =DATEDIF(E39,F39,"M")+1 -> 1 | I39: 50 | J39: =IF($C39="","-",$H39*$I39) -> 50 | M39: 5 | W39: 46419
A40: 46049 | B40: CHE 0001423 | C40: 132 | D40: =VLOOKUP(C40,'MASTER Name List'!$B$3:$M$186,2,FALSE) -> 陈杍䍿 | E40: 45992 | F40: 46054 | G40: Dec25_Feb26 | H40: =DATEDIF(E40,F40,"M")+1 -> 3 | I40: 50 | J40: =IF($C40="","-",$H40*$I40) -> 150 | M40: 5 | W40: 46447
A41: 46053 | B41: CHE 0001424 | C41: 131 | D41: =VLOOKUP(C41,'MASTER Name List'!$B$3:$M$186,2,FALSE) -> 王康芬 | E41: 46023 | F41: 46023 | G41: 46023 | H41: =DATEDIF(E41,F41,"M")+1 -> 1 | I41: 50 | J41: =IF($C41="","-",$H41*$I41) -> 50 | M41: 5 | W41: 46478
B42: CHE 0001425 | D42: =VLOOKUP(C42,'MASTER Name List'!$B$3:$M$186,2,FALSE) -> #N/A | H42: =DATEDIF(E42,F42,"M")+1 -> 1 | I42: 50 | J42: =IF($C42="","-",$H42*$I42) -> - | N42: =SUMIF(M:M,"5",J:J) -> 1200 | O42: 09.02.2026 | W42: 46508
W43: 46539
W44: 46569
B45: BANK IN | W45: 46600
A46: 46023 | B46: CHE0001506 | C46: 175 | D46: =VLOOKUP(C46,'MASTER Name List'!$B$3:$M$186,2,FALSE) -> 洪鼎惟 | E46: 46023 | F46: 46023 | G46: 46023 | H46: =DATEDIF(E46,F46,"M")+1 -> 1 | I46: 50 | L46: =IF($C46="","-",$H46*$I46) -> 50 | P46: BT | Q46: Hoon Teng Hui | W46: 46631
A47: 46024 | B47: CHE0001507 | C47: 139 | D47: =VLOOKUP(C47,'MASTER Name List'!$B$3:$M$186,2,FALSE) -> 黄宝芝 | E47: 46023 | F47: 46054 | G47: Jan_Feb26 | H47: =DATEDIF(E47,F47,"M")+1 -> 2 | I47: 50 | L47: =IF($C47="","-",$H47*$I47) -> 100 | P47: BT | Q47: Shereen Wong Poh Chee | W47: 46661
A48: 46024 | B48: CHE0001508 | C48: 61 | D48: =VLOOKUP(C48,'MASTER Name List'!$B$3:$M$186,2,FALSE) -> 黄素彬 | E48: 46204 | F48: 46235 | G48: Jul_Aug26 | H48: =DATEDIF(E48,F48,"M")+1 -> 2 | I48: 50 | L48: =IF($C48="","-",$H48*$I48) -> 100 | P48: BT | Q48: Shereen Wong Poh Chee (Adelynn Wong) | W48: 46692
A49: 46027 | B49: CHE0001509 | C49: 116 | D49: =VLOOKUP(C49,'MASTER Name List'!$B$3:$M$186,2,FALSE) -> 李薇薇 | E49: 46023 | F49: 46023 | G49: 46023 | H49: =DATEDIF(E49,F49,"M")+1 -> 1 | I49: 50 | L49: =IF($C49="","-",$H49*$I49) -> 50 | P49: BT | Q49: Lee Wei Wei | W49: 46722
A50: 46027 | B50: CHE0001510 | C50: 117 | D50: =VLOOKUP(C50,'MASTER Name List'!$B$3:$M$186,2,FALSE) -> 张志文 | E50: 46023 | F50: 46023 | G50: 46023 | H50: =DATEDIF(E50,F50,"M")+1 -> 1 | I50: 50 | L50: =IF($C50="","-",$H50*$I50) -> 50 | P50: BT | Q50: Lee Wei Wei/Cheong Chee Wen | W50: 46753
A51: 46027 | B51: CHE0001511 | C51: 174 | D51: =VLOOKUP(C51,'MASTER Name List'!$B$3:$M$186,2,FALSE) -> 许茹慧 | E51: 45658 | F51: 45992 | G51: Jan_Dec25 | H51: =DATEDIF(E51,F51,"M")+1 -> 12 | I51: 50 | L51: =IF($C51="","-",$H51*$I51) -> 600 | P51: BT | Q51: Koh Goon Tui | W51: 46784
A52: 46027 | B52: CHE0001512 | C52: 174 | D52: =VLOOKUP(C52,'MASTER Name List'!$B$3:$M$186,2,FALSE) -> 许茹慧 | E52: 46023 | F52: 46357 | G52: Jan_Dec26 | H52: =DATEDIF(E52,F52,"M")+1 -> 12 | I52: 50 | L52: =IF($C52="","-",$H52*$I52) -> 600 | P52: BT | Q52: Koh Goon Tui | W52: 46813
A53: 46036 | B53: CHE0001513 | C53: 134 | D53: =VLOOKUP(C53,'MASTER Name List'!$B$3:$M$186,2,FALSE) -> 黄丽萍 | E53: 45962 | F53: 46357 | G53: Nov25_Dec26 | H53: =DATEDIF(E53,F53,"M")+1 -> 14 | I53: 50 | L53: =IF($C53="","-",$H53*$I53) -> 700 | P53: BT | Q53: Wong Lee Peng | W53: 46844
A54: 46036 | B54: CHE0001514 | C54: 135 | D54: =VLOOKUP(C54,'MASTER Name List'!$B$3:$M$186,2,FALSE) -> 刘永耀 | E54: 45962 | F54: 46357 | G54: Nov25_Dec26 | H54: =DATEDIF(E54,F54,"M")+1 -> 14 | I54: 50 | L54: =IF($C54="","-",$H54*$I54) -> 700 | P54: BT | Q54: Low Yong Yao | W54: 46874
A55: 46036 | B55: CHE0001515 | C55: 172 | D55: =VLOOKUP(C55,'MASTER Name List'!$B$3:$M$186,2,FALSE) -> 蔡均镅 | E55: 46023 | F55: 46054 | G55: Jan_Feb26 | H55: =DATEDIF(E55,F55,"M")+1 -> 2 | I55: 50 | L55: =IF($C55="","-",$H55*$I55) -> 100 | P55: BT | Q55: Chua Jiun Mei | W55: 46905
A56: 46038 | B56: CHE0001516 | C56: 68 | D56: =VLOOKUP(C56,'MASTER Name List'!$B$3:$M$186,2,FALSE) -> 沈观胜 | E56: 46023 | F56: 46082 | G56: Jan_Mar26 | H56: =DATEDIF(E56,F56,"M")+1 -> 3 | I56: 50 | L56: =IF($C56="","-",$H56*$I56) -> 150 | P56: BT | Q56: Sim Kuan Seng | W56: 46935
A57: 46045 | B57: CHE0001517 | C57: 94 | D57: =VLOOKUP(C57,'MASTER Name List'!$B$3:$M$186,2,FALSE) -> 余合福 | E57: 46204 | F57: 46539 | G57: Jul26_Jun27 | H57: =DATEDIF(E57,F57,"M")+1 -> 12 | I57: 50 | L57: =IF($C57="","-",$H57*$I57) -> 600 | P57: BT | Q57: Ee Hoe Hock (Pusat Perkahwinan Inovatif) | W57: 46966
A58: 46047 | B58: CHE0001518 | C58: 50 | D58: =VLOOKUP(C58,'MASTER Name List'!$B$3:$M$186,2,FALSE) -> 陈俊达 | E58: 46023 | F58: 46357 | G58: Jan_Dec26 | H58: =DATEDIF(E58,F58,"M")+1 -> 12 | I58: 50 | L58: =IF($C58="","-",$H58*$I58) -> 600 | P58: BT | Q58: Chan Chun Tat | W58: 46997
A59: 46047 | B59: CHE0001519 | C59: 137 | D59: =VLOOKUP(C59,'MASTER Name List'!$B$3:$M$186,2,FALSE) -> 赖美珍 | E59: 46023 | F59: 46023 | G59: 46023 | H59: =DATEDIF(E59,F59,"M")+1 -> 1 | I59: 50 | L59: =IF($C59="","-",$H59*$I59) -> 50 | P59: ATM | Q59: Lai Mei Chin | W59: 47027
A60: 46048 | B60: CHE0001520 | C60: 64 | D60: =VLOOKUP(C60,'MASTER Name List'!$B$3:$M$186,2,FALSE) -> 韦素枝 | E60: 46023 | F60: 46113 | G60: Jan_Apr26 | H60: =DATEDIF(E60,F60,"M")+1 -> 4 | I60: 50 | L60: =IF($C60="","-",$H60*$I60) -> 200 | P60: BT | Q60: Wai Soo Gei / Lim Thiam Chai | W60: 47058
A61: 46052 | B61: CHE0001521 | C61: 155 | D61: =VLOOKUP(C61,'MASTER Name List'!$B$3:$M$186,2,FALSE) -> 李宝珠 | E61: 46023 | F61: 46082 | G61: Jan_Mar26 | H61: =DATEDIF(E61,F61,"M")+1 -> 3 | I61: 50 | L61: =IF($C61="","-",$H61*$I61) -> 150 | P61: BT | Q61: Lee Poh Choo / Wee Mun Kuan | W61: 47088
D62: =VLOOKUP(C62,'MASTER Name List'!$B$3:$M$186,2,FALSE) -> #N/A | H62: =DATEDIF(E62,F62,"M")+1 -> 1 | I62: 50 | L62: =IF($C62="","-",$H62*$I62) -> -
D63: =VLOOKUP(C63,'MASTER Name List'!$B$3:$M$186,2,FALSE) -> #N/A | H63: =DATEDIF(E63,F63,"M")+1 -> 1 | I63: 50 | L63: =IF($C63="","-",$H63*$I63) -> -
L64: =IF($C64="","-",$H64*$I64) -> -
J67: =SUM(J8:J66) -> 8850 | K67: =SUM(K8:K66) -> 0 | L67: =SUM(L8:L66) -> 4800 | N67: =SUM(N8:N66) -> 8850

Sheet Feb-26
N4: 2026 年 2 月份 - HLB 05500129613
A5: 月费善款 收纳表/ Official Receipt Summary: | E5: 赞助的月份
E6: Payment for the month of | J6: 金额 Amount (RM) | N6: ** CDM : Cash Deposit Machine
A7: 日期 Date | B7: 收据编号 Official Receipt No | C7: 月费号码 | D7: 捐款人 姓名 Name | E7: START MONTH | F7: END MONTH | G7: REF. | H7: No.of Month | I7: 月费 | J7: 现款 Cash | K7: 支票 Cheque | L7: 网上银行转账 Online Bank Transfer | M7: CDM SEQ | N7: (CDM) Bank-in Amount | O7: (CDM) Bank-in Date | P7: 备注 Remark
J8: RM | K8: RM
A9: 46054 | B9: CHE 0001425 | C9: 53 | D9: =VLOOKUP(C9,'MASTER Name List'!$B$3:$M$186,2,FALSE) -> 张媄绮 | E9: 46023 | F9: 46357 | G9: Jan_Dec26 | H9: =DATEDIF(E9,F9,"M")+1 -> 12 | I9: 50 | J9: =IF($C9="","-",$H9*$I9) -> 600 | M9: 1 | P9: OR Book # 129
A10: 46055 | B10: CHE 0001426 | C10: 195 | D10: =VLOOKUP(C10,'MASTER Name List'!$B$3:$M$186,2,FALSE) -> 田玉英 | E10: 46023 | F10: 46113 | G10: Jan_Apr26 | H10: =DATEDIF(E10,F10,"M")+1 -> 4 | I10: 50 | J10: =IF($C10="","-",$H10*$I10) -> 200 | M10: 1 | W10: 45536
A11: 46055 | B11: CHE 0001427 | C11: 10 | D11: =VLOOKUP(C11,'MASTER Name List'!$B$3:$M$186,2,FALSE) -> 吴添玉 | E11: 46023 | F11: 46357 | G11: Jan_Dec26 | H11: =DATEDIF(E11,F11,"M")+1 -> 12 | I11: 50 | J11: =IF($C11="","-",$H11*$I11) -> 600 | M11: 1 | W11: 45566
A12: 46057 | B12: CHE 0001428 | C12: 43 | D12: =VLOOKUP(C12,'MASTER Name List'!$B$3:$M$186,2,FALSE) -> 林德成 | E12: 46023 | F12: 46054 | G12: Jan_Feb26 | H12: =DATEDIF(E12,F12,"M")+1 -> 2 | I12: 50 | J12: =IF($C12="","-",$H12*$I12) -> 100 | M12: 1 | W12: 45597
A13: 46060 | B13: CHE 0001429 | C13: 23 | D13: =VLOOKUP(C13,'MASTER Name List'!$B$3:$M$186,2,FALSE) -> 罗彩瑛 | E13: 46082 | F13: 46113 | G13: Mar_Apr26 | H13: =DATEDIF(E13,F13,"M")+1 -> 2 | I13: 50 | J13: =IF($C13="","-",$H13*$I13) -> 100 | M13: 1 | W13: 45627
A14: 46060 | B14: CHE 0001430 | C14: 184 | D14: =VLOOKUP(C14,'MASTER Name List'!$B$3:$M$186,2,FALSE) -> 赖奕坊 | E14: 46023 | F14: 46054 | G14: Jan_Feb26 | H14: =DATEDIF(E14,F14,"M")+1 -> 2 | I14: 50 | J14: =IF($C14="","-",$H14*$I14) -> 100 | M14: 1 | W14: 45658
A15: 46060 | B15: CHE 0001431 | C15: 186 | D15: =VLOOKUP(C15,'MASTER Name List'!$B$3:$M$186,2,FALSE) -> 刘玉云 | E15: 46023 | F15: 46113 | G15: Jan_Apr26 | H15: =DATEDIF(E15,F15,"M")+1 -> 4 | I15: 50 | J15: =IF($C15="","-",$H15*$I15) -> 200 | M15: 1 | N15: =SUMIF(M:M,"1",J:J) -> 1900 | O15: 09.02.2026 | W15: 45689
A16: 46062 | B16: CHE 0001432 | C16: 208 | D16: =VLOOKUP(C16,'MASTER Name List'!$B$3:$M$186,2,FALSE) -> 萧志倫 | E16: 46054 | F16: 46054 | G16: 46054 | H16: =DATEDIF(E16,F16,"M")+1 -> 1 | I16: 50 | J16: =IF($C16="","-",$H16*$I16) -> 50 | M16: 2 | W16: 45717
A17: 46066 | B17: CHE 0001433 | C17: 183 | D17: =VLOOKUP(C17,'MASTER Name List'!$B$3:$M$186,2,FALSE) -> 郭丽诗 | E17: 46023 | F17: 46174 | G17: Jan_Jun26 | H17: =DATEDIF(E17,F17,"M")+1 -> 6 | I17: 50 | J17: =IF($C17="","-",$H17*$I17) -> 300 | M17: 2 | W17: 45748
A18: 46066 | B18: CHE 0001434 | C18: 170 | D18: =VLOOKUP(C18,'MASTER Name List'!$B$3:$M$186,2,FALSE) -> 陈柔霓 | E18: 46054 | F18: 46054 | G18: 46054 | H18: =DATEDIF(E18,F18,"M")+1 -> 1 | I18: 50 | J18: =IF($C18="","-",$H18*$I18) -> 50 | M18: 2 | W18: 45778
A19: 46070 | B19: CHE 0001435 | C19: 164 | D19: =VLOOKUP(C19,'MASTER Name List'!$B$3:$M$186,2,FALSE) -> 梁佩仪 | E19: 46023 | F19: 46143 | G19: Jan_May26 | H19: =DATEDIF(E19,F19,"M")+1 -> 5 | I19: 50 | J19: =IF($C19="","-",$H19*$I19) -> 250 | M19: 2 | W19: 45809
A20: 46070 | B20: CHE 0001436 | C20: 131 | D20: =VLOOKUP(C20,'MASTER Name List'!$B$3:$M$186,2,FALSE) -> 王康芬 | E20: 46054 | F20: 46082 | G20: Feb_Mar26 | H20: =DATEDIF(E20,F20,"M")+1 -> 2 | I20: 50 | J20: =IF($C20="","-",$H20*$I20) -> 100 | M20: 2 | W20: 45839
A21: 46070 | B21: CHE 0001437 | C21: 148 | D21: =VLOOKUP(C21,'MASTER Name List'!$B$3:$M$186,2,FALSE) -> 黄玉莲 | E21: 46023 | F21: 46357 | G21: Jan_Dec26 | H21: =DATEDIF(E21,F21,"M")+1 -> 12 | I21: 50 | J21: =IF($C21="","-",$H21*$I21) -> 600 | M21: 2 | W21: 45870
A22: 46070 | B22: CHE 0001438 | C22: 181 | D22: =VLOOKUP(C22,'MASTER Name List'!$B$3:$M$186,2,FALSE) -> 陈金清 | E22: 46023 | F22: 46054 | G22: Jan_Feb26 | H22: =DATEDIF(E22,F22,"M")+1 -> 2 | I22: 50 | J22: =IF($C22="","-",$H22*$I22) -> 100 | M22: 2 | N22: =SUMIF(M:M,"2",J:J) -> 1450 | O22: 23.02.2026 | W22: 45901
A23: 46074 | B23: CHE 0001439 | C23: 43 | D23: =VLOOKUP(C23,'MASTER Name List'!$B$3:$M$186,2,FALSE) -> 林德成 | E23: 46082 | F23: 46113 | G23: Mar_Apr26 | H23: =DATEDIF(E23,F23,"M")+1 -> 2 | I23: 50 | J23: =IF($C23="","-",$H23*$I23) -> 100 | M23: 3 | W23: 45931
A24: 46074 | B24: CHE 0001440 | C24: 178 | D24: =VLOOKUP(C24,'MASTER Name List'!$B$3:$M$186,2,FALSE) -> 颜美葒 | E24: 46082 | F24: 46113 | G24: Mar_Apr26 | H24: =DATEDIF(E24,F24,"M")+1 -> 2 | I24: 50 | J24: =IF($C24="","-",$H24*$I24) -> 100 | M24: 3 | W24: 45962
A25: 46076 | B25: CHE 0001441 | C25: 48 | D25: =VLOOKUP(C25,'MASTER Name List'!$B$3:$M$186,2,FALSE) -> 叶鏸郧 | E25: 45962 | F25: 46023 | G25: Nov25_Jan26 | H25: =DATEDIF(E25,F25,"M")+1 -> 3 | I25: 50 | J25: =IF($C25="","-",$H25*$I25) -> 150 | M25: 3 | W25: 45992
A26: 46081 | B26: CHE 0001442 | C26: 192 | D26: =VLOOKUP(C26,'MASTER Name List'!$B$3:$M$186,2,FALSE) -> 锺堉煒 | E26: 46023 | F26: 46174 | G26: Jan_Jun26 | H26: =DATEDIF(E26,F26,"M")+1 -> 6 | I26: 50 | J26: =IF($C26="","-",$H26*$I26) -> 300 | M26: 3 | N26: =SUMIF(M:M,"3",J:J) -> 650 | O26: 04.03.2026 | W26: 46023
D27: =VLOOKUP(C27,'MASTER Name List'!$B$3:$M$186,2,FALSE) -> #N/A | H27: =DATEDIF(E27,F27,"M")+1 -> 1 | I27: 50 | J27: =IF($C27="","-",$H27*$I27) -> - | W27: 46054
D28: =VLOOKUP(C28,'MASTER Name List'!$B$3:$M$186,2,FALSE) -> #N/A | H28: =DATEDIF(E28,F28,"M")+1 -> 1 | I28: 50 | J28: =IF($C28="","-",$H28*$I28) -> - | W28: 46082
D29: =VLOOKUP(C29,'MASTER Name List'!$B$3:$M$186,2,FALSE) -> #N/A | H29: =DATEDIF(E29,F29,"M")+1 -> 1 | I29: 50 | J29: =IF($C29="","-",$H29*$I29) -> - | N29: =SUMIF(M:M,"4",J:J) -> 0 | W29: 46113
D30: =VLOOKUP(C30,'MASTER Name List'!$B$3:$M$186,2,FALSE) -> #N/A | H30: =DATEDIF(E30,F30,"M")+1 -> 1 | I30: 50 | J30: =IF($C30="","-",$H30*$I30) -> - | W30: 46143
D31: =VLOOKUP(C31,'MASTER Name List'!$B$3:$M$186,2,FALSE) -> #N/A | H31: =DATEDIF(E31,F31,"M")+1 -> 1 | I31: 50 | J31: =IF($C31="","-",$H31*$I31) -> - | W31: 46174
D32: =VLOOKUP(C32,'MASTER Name List'!$B$3:$M$186,2,FALSE) -> #N/A | H32: =DATEDIF(E32,F32,"M")+1 -> 1 | I32: 50 | J32: =IF($C32="","-",$H32*$I32) -> - | W32: 46204
D33: =VLOOKUP(C33,'MASTER Name List'!$B$3:$M$186,2,FALSE) -> #N/A | H33: =DATEDIF(E33,F33,"M")+1 -> 1 | I33: 50 | J33: =IF($C33="","-",$H33*$I33) -> - | W33: 46235
D34: =VLOOKUP(C34,'MASTER Name List'!$B$3:$M$186,2,FALSE) -> #N/A | H34: =DATEDIF(E34,F34,"M")+1 -> 1 | I34: 50 | J34: =IF($C34="","-",$H34*$I34) -> - | N34: =SUMIF(M:M,"4",J:J) -> 0 | W34: 46266
D35: =VLOOKUP(C35,'MASTER Name List'!$B$3:$M$186,2,FALSE) -> #N/A | H35: =DATEDIF(E35,F35,"M")+1 -> 1 | I35: 50 | J35: =IF($C35="","-",$H35*$I35) -> - | W35: 46296
D36: =VLOOKUP(C36,'MASTER Name List'!$B$3:$M$186,2,FALSE) -> #N/A | H36: =DATEDIF(E36,F36,"M")+1 -> 1 | I36: 50 | J36: =IF($C36="","-",$H36*$I36) -> - | W36: 46327
D37: =VLOOKUP(C37,'MASTER Name List'!$B$3:$M$186,2,FALSE) -> #N/A | H37: =DATEDIF(E37,F37,"M")+1 -> 1 | I37: 50 | J37: =IF($C37="","-",$H37*$I37) -> - | W37: 46357
D38: =VLOOKUP(C38,'MASTER Name List'!$B$3:$M$186,2,FALSE) -> #N/A | H38: =DATEDIF(E38,F38,"M")+1 -> 1 | I38: 50 | J38: =IF($C38="","-",$H38*$I38) -> - | W38: 46388
D39: =VLOOKUP(C39,'MASTER Name List'!$B$3:$M$186,2,FALSE) -> #N/A | H39: =DATEDIF(E39,F39,"M")+1 -> 1 | I39: 50 | J39: =IF($C39="","-",$H39*$I39) -> - | W39: 46419
D40: =VLOOKUP(C40,'MASTER Name List'!$B$3:$M$186,2,FALSE) -> #N/A | H40: =DATEDIF(E40,F40,"M")+1 -> 1 | I40: 50 | J40: =IF($C40="","-",$H40*$I40) -> - | W40: 46447
D41: =VLOOKUP(C41,'MASTER Name List'!$B$3:$M$186,2,FALSE) -> #N/A | H41: =DATEDIF(E41,F41,"M")+1 -> 1 | I41: 50 | J41: =IF($C41="","-",$H41*$I41) -> - | W41: 46478
D42: =VLOOKUP(C42,'MASTER Name List'!$B$3:$M$186,2,FALSE) -> #N/A | H42: =DATEDIF(E42,F42,"M")+1 -> 1 | I42: 50 | J42: =IF($C42="","-",$H42*$I42) -> - | N42: =SUMIF(M:M,"5",J:J) -> 0 | W42: 46508
W43: 46539
W44: 46569
B45: BANK IN | W45: 46600
A46: 46055 | C46: 87 | D46: =VLOOKUP(C46,'MASTER Name List'!$B$3:$M$186,2,FALSE) -> 叶碧燕 | E46: 46023 | F46: 46357 | G46: Jan_Dec26 | H46: =DATEDIF(E46,F46,"M")+1 -> 12 | I46: 50 | L46: =IF($C46="","-",$H46*$I46) -> 600 | P46: BT | Q46: Yap Pik Yin | W46: 46631
A47: 46055 | C47: 175 | D47: =VLOOKUP(C47,'MASTER Name List'!$B$3:$M$186,2,FALSE) -> 洪鼎惟 | E47: 46054 | F47: 46054 | G47: 46054 | H47: =DATEDIF(E47,F47,"M")+1 -> 1 | I47: 50 | L47: =IF($C47="","-",$H47*$I47) -> 50 | P47: BT | Q47: Hoon Teng Hui | W47: 46661
A48: 46056 | C48: 123 | D48: =VLOOKUP(C48,'MASTER Name List'!$B$3:$M$186,2,FALSE) -> 黄丽娟 | E48: 46023 | F48: 46054 | G48: Jan_Feb26 | H48: =DATEDIF(E48,F48,"M")+1 -> 2 | I48: 50 | L48: =IF($C48="","-",$H48*$I48) -> 100 | P48: BT | Q48: Wong Lee Kuan | W48: 46692
A49: 46058 | C49: 116 | D49: =VLOOKUP(C49,'MASTER Name List'!$B$3:$M$186,2,FALSE) -> 李薇薇 | E49: 46054 | F49: 46054 | G49: 46054 | H49: =DATEDIF(E49,F49,"M")+1 -> 1 | I49: 50 | L49: =IF($C49="","-",$H49*$I49) -> 50 | P49: BT | Q49: Lee Wei Wei | W49: 46722
A50: 46058 | C50: 117 | D50: =VLOOKUP(C50,'MASTER Name List'!$B$3:$M$186,2,FALSE) -> 张志文 | E50: 46054 | F50: 46054 | G50: 46054 | H50: =DATEDIF(E50,F50,"M")+1 -> 1 | I50: 50 | L50: =IF($C50="","-",$H50*$I50) -> 50 | P50: BT | Q50: Lee Wei Wei/Cheong Chee Wen | W50: 46753
A51: 46058 | C51: 52 | D51: =VLOOKUP(C51,'MASTER Name List'!$B$3:$M$186,2,FALSE) -> 陈宝蓉 | E51: 46023 | F51: 46054 | G51: Jan_Feb26 | H51: =DATEDIF(E51,F51,"M")+1 -> 2 | I51: 50 | L51: =IF($C51="","-",$H51*$I51) -> 100 | P51: BT | Q51: Tan Poh Yong | W51: 46784
A52: 46060 | C52: 176 | D52: =VLOOKUP(C52,'MASTER Name List'!$B$3:$M$186,2,FALSE) -> 谢蕙冰 | E52: 46023 | F52: 46357 | G52: Jan_Dec26 | H52: =DATEDIF(E52,F52,"M")+1 -> 12 | I52: 50 | L52: =IF($C52="","-",$H52*$I52) -> 600 | P52: BT | Q52: Cheah Wai Ping / Tong Kai Chon | W52: 46813
A53: 46061 | C53: 102 | D53: =VLOOKUP(C53,'MASTER Name List'!$B$3:$M$186,2,FALSE) -> 戴川凤 | E53: 46023 | F53: 46054 | G53: Jan_Feb26 | H53: =DATEDIF(E53,F53,"M")+1 -> 2 | I53: 50 | L53: =IF($C53="","-",$H53*$I53) -> 100 | P53: ATM | Q53: Tai Kim Poh | W53: 46844
A54: 46065 | C54: 104 | D54: =VLOOKUP(C54,'MASTER Name List'!$B$3:$M$186,2,FALSE) -> 连美丽 | E54: 46023 | F54: 46054 | G54: Jan_Feb26 | H54: =DATEDIF(E54,F54,"M")+1 -> 2 | I54: 50 | L54: =IF($C54="","-",$H54*$I54) -> 100 | P54: BT | Q54: Lien Mei Li | W54: 46874
A55: 46069 | C55: 40 | D55: =VLOOKUP(C55,'MASTER Name List'!$B$3:$M$186,2,FALSE) -> 何梅歆 | E55: 46113 | F55: 46174 | G55: Apr_Jun26 | H55: =DATEDIF(E55,F55,"M")+1 -> 3 | I55: 50 | L55: =IF($C55="","-",$H55*$I55) -> 150 | P55: BT | Q55: Hoo Mei Sing (Michelle) | W55: 46905
A56: 46070 | C56: 103 | D56: =VLOOKUP(C56,'MASTER Name List'!$B$3:$M$186,2,FALSE) -> 林采諺 | E56: 46023 | F56: 46054 | G56: Jan_Feb26 | H56: =DATEDIF(E56,F56,"M")+1 -> 2 | I56: 50 | L56: =IF($C56="","-",$H56*$I56) -> 100 | P56: BT | Q56: Lam Choin Yin | W56: 46935
A57: 46074 | C57: 160 | D57: =VLOOKUP(C57,'MASTER Name List'!$B$3:$M$186,2,FALSE) -> 郑筱頵 | E57: 46023 | F57: 46357 | G57: Jan_Dec26 | H57: =DATEDIF(E57,F57,"M")+1 -> 12 | I57: 50 | L57: =IF($C57="","-",$H57*$I57) -> 600 | P57: BT | Q57: Chan Sau Cheen | W57: 46966
A58: 46074 | C58: 13 | D58: =VLOOKUP(C58,'MASTER Name List'!$B$3:$M$186,2,FALSE) -> 黄慧霞 | E58: 46023 | F58: 46054 | G58: Jan_Feb26 | H58: =DATEDIF(E58,F58,"M")+1 -> 2 | I58: 50 | L58: =IF($C58="","-",$H58*$I58) -> 100 | P58: BT | Q58: Wong Wei Ha | W58: 46997
A59: 46076 | C59: 137 | D59: =VLOOKUP(C59,'MASTER Name List'!$B$3:$M$186,2,FALSE) -> 赖美珍 | E59: 46054 | F59: 46054 | G59: 46054 | H59: =DATEDIF(E59,F59,"M")+1 -> 1 | I59: 50 | L59: =IF($C59="","-",$H59*$I59) -> 50 | P59: TouchNGo | Q59: Lai Mei Chin | W59: 47027
A60: 46078 | C60: 80 | D60: =VLOOKUP(C60,'MASTER Name List'!$B$3:$M$186,2,FALSE) -> 黄淑芬 | E60: 46082 | F60: 46082 | G60: 46082 | H60: =DATEDIF(E60,F60,"M")+1 -> 1 | I60: 50 | L60: =IF($C60="","-",$H60*$I60) -> 50 | P60: BT | Q60: Wong Su Fong | W60: 47058
A61: 46078 | C61: 224 | D61: =VLOOKUP(C61,'MASTER Name List'!$B$3:$M$186,2,FALSE) -> 黄文勝 | E61: 46082 | F61: 46082 | G61: 46082 | H61: =DATEDIF(E61,F61,"M")+1 -> 1 | I61: 50 | L61: =IF($C61="","-",$H61*$I61) -> 50 | P61: BT | Q61: Wong Su Fong | W61: 47088
A62: 46079 | C62: 193 | D62: =VLOOKUP(C62,'MASTER Name List'!$B$3:$M$186,2,FALSE) -> 许艾婷 | E62: 45839 | F62: 45992 | G62: Jul_Dec25 | H62: =DATEDIF(E62,F62,"M")+1 -> 6 | I62: 50 | L62: =IF($C62="","-",$H62*$I62) -> 300 | P62: BT | Q62: Hooy Ai Teng
D63: =VLOOKUP(C63,'MASTER Name List'!$B$3:$M$186,2,FALSE) -> #N/A | H63: =DATEDIF(E63,F63,"M")+1 -> 1 | I63: 50 | L63: =IF($C63="","-",$H63*$I63) -> -
L64: =IF($C64="","-",$H64*$I64) -> -
J67: =SUM(J8:J66) -> 4000 | K67: =SUM(K8:K66) -> 0 | L67: =SUM(L8:L66) -> 3150 | N67: =SUM(N8:N66) -> 4000

Sheet Mar-26
N4: 2026 年 3 月份 - HLB 05500129613
A5: 月费善款 收纳表/ Official Receipt Summary: | E5: 赞助的月份
E6: Payment for the month of | J6: 金额 Amount (RM) | N6: ** CDM : Cash Deposit Machine
A7: 日期 Date | B7: 收据编号 Official Receipt No | C7: 月费号码 | D7: 捐款人 姓名 Name | E7: START MONTH | F7: END MONTH | G7: REF. | H7: No.of Month | I7: 月费 | J7: 现款 Cash | K7: 支票 Cheque | L7: 网上银行转账 Online Bank Transfer | M7: CDM SEQ | N7: (CDM) Bank-in Amount | O7: (CDM) Bank-in Date | P7: 备注 Remark
J8: RM | K8: RM
A9: 46084 | B9: CHE 0001443 | C9: 132 | D9: =VLOOKUP(C9,'MASTER Name List'!$B$3:$M$300,2,FALSE) -> 陈杍䍿 | E9: 46082 | F9: 46174 | G9: Mar_Jun26 | H9: =DATEDIF(E9,F9,"M")+1 -> 4 | I9: 50 | J9: =IF($C9="","-",$H9*$I9) -> 200 | M9: 1 | P9: OR Book # 129
A10: 46084 | B10: CHE 0001444 | C10: 126 | D10: =VLOOKUP(C10,'MASTER Name List'!$B$3:$M$300,2,FALSE) -> 张凤 | E10: 46113 | F10: 46174 | G10: Apr_Jun26 | H10: =DATEDIF(E10,F10,"M")+1 -> 3 | I10: 50 | J10: =IF($C10="","-",$H10*$I10) -> 150 | M10: 1 | W10: 45536
A11: 46084 | B11: CHE 0001445 | C11: 3 | D11: =VLOOKUP(C11,'MASTER Name List'!$B$3:$M$300,2,FALSE) -> Anna Justina | E11: 45962 | F11: 45992 | G11: Nov_Dec25 | H11: =DATEDIF(E11,F11,"M")+1 -> 2 | I11: 50 | J11: =IF($C11="","-",$H11*$I11) -> 100 | M11: 1 | W11: 45566
A12: 46085 | B12: CHE 0001446 | C12: 74 | D12: =VLOOKUP(C12,'MASTER Name List'!$B$3:$M$300,2,FALSE) -> 黄得财 | E12: 46113 | F12: 46143 | G12: Apr_May26 | H12: =DATEDIF(E12,F12,"M")+1 -> 2 | I12: 50 | J12: =IF($C12="","-",$H12*$I12) -> 100 | M12: 1 | W12: 45597
A13: 46085 | B13: CHE 0001447 | C13: 191 | D13: =VLOOKUP(C13,'MASTER Name List'!$B$3:$M$300,2,FALSE) -> 锺鏸堬 | E13: 46023 | F13: 46174 | G13: Jan_Jun26 | H13: =DATEDIF(E13,F13,"M")+1 -> 6 | I13: 50 | J13: =IF($C13="","-",$H13*$I13) -> 300 | M13: 1 | W13: 45627
A14: 46086 | B14: CHE 0001448 | C14: 192 | D14: =VLOOKUP(C14,'MASTER Name List'!$B$3:$M$300,2,FALSE) -> 锺堉煒 | E14: 46204 | F14: 46357 | G14: Jul_Dec26 | H14: =DATEDIF(E14,F14,"M")+1 -> 6 | I14: 50 | J14: =IF($C14="","-",$H14*$I14) -> 300 | M14: 1 | W14: 45658
A15: 46096 | B15: CHE 0001449 | C15: 3 | D15: =VLOOKUP(C15,'MASTER Name List'!$B$3:$M$300,2,FALSE) -> Anna Justina | E15: 46023 | F15: 46054 | G15: Jan_Feb26 | H15: =DATEDIF(E15,F15,"M")+1 -> 2 | I15: 50 | J15: =IF($C15="","-",$H15*$I15) -> 100 | M15: 1 | W15: 45689
A16: 46096 | B16: CHE 0001450 | C16: 3 | D16: =VLOOKUP(C16,'MASTER Name List'!$B$3:$M$300,2,FALSE) -> Anna Justina | E16: 46082 | F16: 46082 | G16: 46082 | H16: =DATEDIF(E16,F16,"M")+1 -> 1 | I16: 50 | J16: =IF($C16="","-",$H16*$I16) -> 50 | M16: 1 | N16: =SUMIF(M:M,"1",J:J) -> 1300 | O16: 16.03.2026 | W16: 45717
A17: 46096 | B17: CHE 0001451 | C17: 188 | D17: =VLOOKUP(C17,'MASTER Name List'!$B$3:$M$300,2,FALSE) -> 许银玲 | E17: 46023 | F17: 46174 | G17: Jan_Jun26 | H17: =DATEDIF(E17,F17,"M")+1 -> 6 | I17: 50 | J17: =IF($C17="","-",$H17*$I17) -> 300 | M17: 2 | P17: OR Book # 130 | W17: 45748
A18: 46096 | B18: CHE 0001452 | C18: 223 | D18: =VLOOKUP(C18,'MASTER Name List'!$B$3:$M$300,2,FALSE) -> 黄莉珍 | E18: 46023 | F18: 46113 | G18: Jan_Apr26 | H18: =DATEDIF(E18,F18,"M")+1 -> 4 | I18: 50 | J18: =IF($C18="","-",$H18*$I18) -> 200 | M18: 2 | N18: =SUMIF(M:M,"2",J:J) -> 500 | O18: 16.03.2026 | W18: 45778
A19: 46102 | B19: CHE 0001453 | C19: 103 | D19: =VLOOKUP(C19,'MASTER Name List'!$B$3:$M$300,2,FALSE) -> 林采諺 | E19: 46082 | F19: 46174 | G19: Mar_Jun26 | H19: =DATEDIF(E19,F19,"M")+1 -> 4 | I19: 50 | J19: =IF($C19="","-",$H19*$I19) -> 200 | M19: 3 | N19: =SUMIF(M:M,"3",J:J) -> 200 | O19: 26.03.2026 | W19: 45809
A20: 46107 | B20: CHE 0001454 | C20: 194 | D20: =VLOOKUP(C20,'MASTER Name List'!$B$3:$M$300,2,FALSE) -> 杨建成 | E20: 46143 | F20: 46235 | G20: May_Aug26 | H20: =DATEDIF(E20,F20,"M")+1 -> 4 | I20: 50 | J20: =IF($C20="","-",$H20*$I20) -> 200 | M20: 4 | W20: 45839
A21: 46107 | B21: CHE 0001455 | C21: 195 | D21: =VLOOKUP(C21,'MASTER Name List'!$B$3:$M$300,2,FALSE) -> 田玉英 | E21: 46143 | F21: 46235 | G21: May_Aug26 | H21: =DATEDIF(E21,F21,"M")+1 -> 4 | I21: 50 | J21: =IF($C21="","-",$H21*$I21) -> 200 | M21: 4 | W21: 45870
A22: 46107 | B22: CHE 0001456 | C22: 54 | D22: =VLOOKUP(C22,'MASTER Name List'!$B$3:$M$300,2,FALSE) -> 黄丽玲 | E22: 46054 | F22: 46113 | G22: Feb_Apr26 | H22: =DATEDIF(E22,F22,"M")+1 -> 3 | I22: 50 | J22: =IF($C22="","-",$H22*$I22) -> 150 | M22: 4 | W22: 45901
A23: 46108 | B23: CHE 0001457 | C23: 170 | D23: =VLOOKUP(C23,'MASTER Name List'!$B$3:$M$300,2,FALSE) -> 陈柔霓 | E23: 46082 | F23: 46113 | G23: Mar_Apr26 | H23: =DATEDIF(E23,F23,"M")+1 -> 2 | I23: 50 | J23: =IF($C23="","-",$H23*$I23) -> 100 | M23: 4 | N23: =SUMIF(M:M,"4",J:J) -> 650 | O23: 01.04.2026 | W23: 45931
A24: 46111 | B24: CHE 0001458 | C24: 208 | D24: =VLOOKUP(C24,'MASTER Name List'!$B$3:$M$300,2,FALSE) -> 萧志倫 | E24: 46082 | F24: 46113 | G24: Mar_Apr26 | H24: =DATEDIF(E24,F24,"M")+1 -> 2 | I24: 50 | J24: =IF($C24="","-",$H24*$I24) -> 100 | M24: 5 | N24: =SUMIF(M:M,"5",J:J) -> 100 | O24: 08.04.2026 | W24: 45962
B25: CHE 0001459 | D25: =VLOOKUP(C25,'MASTER Name List'!$B$3:$M$300,2,FALSE) -> #N/A | H25: =DATEDIF(E25,F25,"M")+1 -> 1 | I25: 50 | J25: =IF($C25="","-",$H25*$I25) -> - | W25: 45992
B26: CHE 0001460 | D26: =VLOOKUP(C26,'MASTER Name List'!$B$3:$M$300,2,FALSE) -> #N/A | H26: =DATEDIF(E26,F26,"M")+1 -> 1 | I26: 50 | J26: =IF($C26="","-",$H26*$I26) -> - | W26: 46023
D27: =VLOOKUP(C27,'MASTER Name List'!$B$3:$M$300,2,FALSE) -> #N/A | H27: =DATEDIF(E27,F27,"M")+1 -> 1 | I27: 50 | J27: =IF($C27="","-",$H27*$I27) -> - | W27: 46054
D28: =VLOOKUP(C28,'MASTER Name List'!$B$3:$M$300,2,FALSE) -> #N/A | H28: =DATEDIF(E28,F28,"M")+1 -> 1 | I28: 50 | J28: =IF($C28="","-",$H28*$I28) -> - | W28: 46082
D29: =VLOOKUP(C29,'MASTER Name List'!$B$3:$M$300,2,FALSE) -> #N/A | H29: =DATEDIF(E29,F29,"M")+1 -> 1 | I29: 50 | J29: =IF($C29="","-",$H29*$I29) -> - | W29: 46113
D30: =VLOOKUP(C30,'MASTER Name List'!$B$3:$M$300,2,FALSE) -> #N/A | H30: =DATEDIF(E30,F30,"M")+1 -> 1 | I30: 50 | J30: =IF($C30="","-",$H30*$I30) -> - | W30: 46143
D31: =VLOOKUP(C31,'MASTER Name List'!$B$3:$M$300,2,FALSE) -> #N/A | H31: =DATEDIF(E31,F31,"M")+1 -> 1 | I31: 50 | J31: =IF($C31="","-",$H31*$I31) -> - | W31: 46174
D32: =VLOOKUP(C32,'MASTER Name List'!$B$3:$M$300,2,FALSE) -> #N/A | H32: =DATEDIF(E32,F32,"M")+1 -> 1 | I32: 50 | J32: =IF($C32="","-",$H32*$I32) -> - | W32: 46204
D33: =VLOOKUP(C33,'MASTER Name List'!$B$3:$M$300,2,FALSE) -> #N/A | H33: =DATEDIF(E33,F33,"M")+1 -> 1 | I33: 50 | J33: =IF($C33="","-",$H33*$I33) -> - | W33: 46235
D34: =VLOOKUP(C34,'MASTER Name List'!$B$3:$M$300,2,FALSE) -> #N/A | H34: =DATEDIF(E34,F34,"M")+1 -> 1 | I34: 50 | J34: =IF($C34="","-",$H34*$I34) -> - | N34: =SUMIF(M:M,"0",J:J) -> 0 | W34: 46266
D35: =VLOOKUP(C35,'MASTER Name List'!$B$3:$M$300,2,FALSE) -> #N/A | H35: =DATEDIF(E35,F35,"M")+1 -> 1 | I35: 50 | J35: =IF($C35="","-",$H35*$I35) -> - | W35: 46296
D36: =VLOOKUP(C36,'MASTER Name List'!$B$3:$M$300,2,FALSE) -> #N/A | H36: =DATEDIF(E36,F36,"M")+1 -> 1 | I36: 50 | J36: =IF($C36="","-",$H36*$I36) -> - | W36: 46327
D37: =VLOOKUP(C37,'MASTER Name List'!$B$3:$M$300,2,FALSE) -> #N/A | H37: =DATEDIF(E37,F37,"M")+1 -> 1 | I37: 50 | J37: =IF($C37="","-",$H37*$I37) -> - | W37: 46357
D38: =VLOOKUP(C38,'MASTER Name List'!$B$3:$M$300,2,FALSE) -> #N/A | H38: =DATEDIF(E38,F38,"M")+1 -> 1 | I38: 50 | J38: =IF($C38="","-",$H38*$I38) -> - | W38: 46388
D39: =VLOOKUP(C39,'MASTER Name List'!$B$3:$M$300,2,FALSE) -> #N/A | H39: =DATEDIF(E39,F39,"M")+1 -> 1 | I39: 50 | J39: =IF($C39="","-",$H39*$I39) -> - | W39: 46419
D40: =VLOOKUP(C40,'MASTER Name List'!$B$3:$M$300,2,FALSE) -> #N/A | H40: =DATEDIF(E40,F40,"M")+1 -> 1 | I40: 50 | J40: =IF($C40="","-",$H40*$I40) -> - | W40: 46447
D41: =VLOOKUP(C41,'MASTER Name List'!$B$3:$M$300,2,FALSE) -> #N/A | H41: =DATEDIF(E41,F41,"M")+1 -> 1 | I41: 50 | J41: =IF($C41="","-",$H41*$I41) -> - | W41: 46478
D42: =VLOOKUP(C42,'MASTER Name List'!$B$3:$M$300,2,FALSE) -> #N/A | H42: =DATEDIF(E42,F42,"M")+1 -> 1 | I42: 50 | J42: =IF($C42="","-",$H42*$I42) -> - | N42: =SUMIF(M:M,"5",J:J) -> 100 | W42: 46508
W43: 46539
W44: 46569
B45: BANK IN | W45: 46600
A46: 46084 | C46: 6 | D46: =VLOOKUP(C46,'MASTER Name List'!$B$3:$M$300,2,FALSE) -> 张婷奕 | E46: 46023 | F46: 46357 | G46: Jan_Dec26 | H46: =DATEDIF(E46,F46,"M")+1 -> 12 | I46: 50 | L46: =IF($C46="","-",$H46*$I46) -> 600 | P46: BT | Q46: Chong Teng Yek / Chong Sue Mei | W46: 46631
A47: 46085 | C47: 116 | D47: =VLOOKUP(C47,'MASTER Name List'!$B$3:$M$300,2,FALSE) -> 李薇薇 | E47: 46082 | F47: 46082 | G47: 46082 | H47: =DATEDIF(E47,F47,"M")+1 -> 1 | I47: 50 | L47: =IF($C47="","-",$H47*$I47) -> 50 | P47: BT | Q47: Lee Wei Wei | W47: 46661
A48: 46085 | C48: 117 | D48: =VLOOKUP(C48,'MASTER Name List'!$B$3:$M$300,2,FALSE) -> 张志文 | E48: 46082 | F48: 46082 | G48: 46082 | H48: =DATEDIF(E48,F48,"M")+1 -> 1 | I48: 50 | L48: =IF($C48="","-",$H48*$I48) -> 50 | P48: BT | Q48: Lee Wei Wei/Chong Chee Wen | W48: 46692
A49: 46086 | C49: 162 | D49: =VLOOKUP(C49,'MASTER Name List'!$B$3:$M$300,2,FALSE) -> 方惠贤 | E49: 46082 | F49: 46113 | G49: Mar_Apr26 | H49: =DATEDIF(E49,F49,"M")+1 -> 2 | I49: 50 | L49: =IF($C49="","-",$H49*$I49) -> 100 | P49: BT | Q49: Fong Fui Ying | W49: 46722
A50: 46087 | C50: 172 | D50: =VLOOKUP(C50,'MASTER Name List'!$B$3:$M$300,2,FALSE) -> 蔡均镅 | E50: 46082 | F50: 46113 | G50: Mar_Apr26 | H50: =DATEDIF(E50,F50,"M")+1 -> 2 | I50: 50 | L50: =IF($C50="","-",$H50*$I50) -> 100 | P50: BT | Q50: Chua Jiun Mei | W50: 46753
A51: 46091 | C51: 123 | D51: =VLOOKUP(C51,'MASTER Name List'!$B$3:$M$300,2,FALSE) -> 黄丽娟 | E51: 46082 | F51: 46113 | G51: Mar_Apr26 | H51: =DATEDIF(E51,F51,"M")+1 -> 2 | I51: 50 | L51: =IF($C51="","-",$H51*$I51) -> 100 | P51: BT | Q51: Wong Lee Kuan | W51: 46784
A52: 46094 | C52: 40 | D52: =VLOOKUP(C52,'MASTER Name List'!$B$3:$M$300,2,FALSE) -> 何梅歆 | E52: 46204 | F52: 46235 | G52: Jul_Aug26 | H52: =DATEDIF(E52,F52,"M")+1 -> 2 | I52: 50 | L52: =IF($C52="","-",$H52*$I52) -> 100 | P52: BT | Q52: Hoo Mei Sing (Michelle) | W52: 46813
A53: 46100 | C53: 175 | D53: =VLOOKUP(C53,'MASTER Name List'!$B$3:$M$300,2,FALSE) -> 洪鼎惟 | E53: 46113 | F53: 46113 | G53: 46113 | H53: =DATEDIF(E53,F53,"M")+1 -> 1 | I53: 50 | L53: =IF($C53="","-",$H53*$I53) -> 50 | P53: BT | Q53: Hoon Teng Hui | W53: 46844
A54: 46106 | C54: 80 | D54: =VLOOKUP(C54,'MASTER Name List'!$B$3:$M$300,2,FALSE) -> 黄淑芬 | E54: 46113 | F54: 46113 | G54: 46113 | H54: =DATEDIF(E54,F54,"M")+1 -> 1 | I54: 50 | L54: =IF($C54="","-",$H54*$I54) -> 50 | P54: BT | Q54: Wong Su Fong | W54: 46874
A55: 46106 | C55: 224 | D55: =VLOOKUP(C55,'MASTER Name List'!$B$3:$M$300,2,FALSE) -> 黄文勝 | E55: 46113 | F55: 46113 | G55: 46113 | H55: =DATEDIF(E55,F55,"M")+1 -> 1 | I55: 50 | L55: =IF($C55="","-",$H55*$I55) -> 50 | P55: BT | Q55: Wong Su Fong | W55: 46905
A56: 46110 | C56: 162 | D56: =VLOOKUP(C56,'MASTER Name List'!$B$3:$M$300,2,FALSE) -> 方惠贤 | E56: 46143 | F56: 46174 | G56: May_Jun26 | H56: =DATEDIF(E56,F56,"M")+1 -> 2 | I56: 50 | L56: =IF($C56="","-",$H56*$I56) -> 100 | P56: BT | Q56: Fong Fui Ying | W56: 46935
A57: 46112 | C57: 236 | D57: =VLOOKUP(C57,'MASTER Name List'!$B$3:$M$300,2,FALSE) -> 欧慧菁 | E57: 46113 | F57: 46174 | G57: May_Jun26 | H57: =DATEDIF(E57,F57,"M")+1 -> 3 | I57: 50 | L57: =IF($C57="","-",$H57*$I57) -> 150 | P57: BT | Q57: Eaw Hooi Cheng | W57: 46966
A58: 46112 | C58: 78 | D58: =VLOOKUP(C58,'MASTER Name List'!$B$3:$M$300,2,FALSE) -> 江永成 | E58: 45748 | F58: 45992 | G58: Apr_Dec26 | H58: =DATEDIF(E58,F58,"M")+1 -> 9 | I58: 50 | L58: =IF($C58="","-",$H58*$I58) -> 450 | P58: BT | Q58: Raymond Konf Eng Seng | W58: 46997
A59: 46112 | C59: 234 | D59: =VLOOKUP(C59,'MASTER Name List'!$B$3:$M$300,2,FALSE) -> 文嘉诚 | E59: 46113 | F59: 46113 | G59: 46113 | H59: =DATEDIF(E59,F59,"M")+1 -> 1 | I59: 50 | L59: =IF($C59="","-",$H59*$I59) -> 50 | P59: BT | Q59: Boon Chia Cheng | W59: 47027
D60: =VLOOKUP(C60,'MASTER Name List'!$B$3:$M$300,2,FALSE) -> #N/A | H60: =DATEDIF(E60,F60,"M")+1 -> 1 | I60: 50 | L60: =IF($C60="","-",$H60*$I60) -> - | W60: 47058
D61: =VLOOKUP(C61,'MASTER Name List'!$B$3:$M$300,2,FALSE) -> #N/A | H61: =DATEDIF(E61,F61,"M")+1 -> 1 | I61: 50 | L61: =IF($C61="","-",$H61*$I61) -> - | W61: 47088
D62: =VLOOKUP(C62,'MASTER Name List'!$B$3:$M$300,2,FALSE) -> #N/A | H62: =DATEDIF(E62,F62,"M")+1 -> 1 | I62: 50 | L62: =IF($C62="","-",$H62*$I62) -> -
D63: =VLOOKUP(C63,'MASTER Name List'!$B$3:$M$300,2,FALSE) -> #N/A | H63: =DATEDIF(E63,F63,"M")+1 -> 1 | I63: 50 | L63: =IF($C63="","-",$H63*$I63) -> -
L64: =IF($C64="","-",$H64*$I64) -> -
J67: =SUM(J8:J66) -> 2750 | K67: =SUM(K8:K66) -> 0 | L67: =SUM(L8:L66) -> 2000 | N67: =SUM(N8:N66) -> 2850

Sheet Apr-26
N4: 2026 年 4 月份 - HLB 05500129613
A5: 月费善款 收纳表/ Official Receipt Summary: | E5: 赞助的月份
E6: Payment for the month of | J6: 金额 Amount (RM) | N6: ** CDM : Cash Deposit Machine
A7: 日期 Date | B7: 收据编号 Official Receipt No | C7: 月费号码 | D7: 捐款人 姓名 Name | E7: START MONTH | F7: END MONTH | G7: REF. | H7: No.of Month | I7: 月费 | J7: 现款 Cash | K7: 支票 Cheque | L7: 网上银行转账 Online Bank Transfer | M7: CDM SEQ | N7: (CDM) Bank-in Amount | O7: (CDM) Bank-in Date | P7: 备注 Remark
J8: RM | K8: RM
A9: 46113 | B9: CHE 0001459 | C9: 92 | D9: =VLOOKUP(C9,'MASTER Name List'!$B$3:$M$186,2,FALSE) -> 叶碧玉 | E9: 46023 | F9: 46174 | G9: Jan_Jun26 | H9: =DATEDIF(E9,F9,"M")+1 -> 6 | I9: 50 | J9: =IF($C9="","-",$H9*$I9) -> 300 | M9: 1 | P9: OR Book # 130
A10: 46113 | B10: CHE 0001460 | C10: 167 | D10: =VLOOKUP(C10,'MASTER Name List'!$B$3:$M$186,2,FALSE) -> 罗紫纶 | E10: 46023 | F10: 46174 | G10: Jan_Jun26 | H10: =DATEDIF(E10,F10,"M")+1 -> 6 | I10: 50 | J10: =IF($C10="","-",$H10*$I10) -> 300 | M10: 1 | W10: 45536
A11: 46114 | B11: CHE 0001461 | C11: 227 | D11: =VLOOKUP(C11,'MASTER Name List'!$B$3:$M$186,2,FALSE) -> 丘桂盈 | E11: 46023 | F11: 46357 | G11: Jan_Dec26 | H11: =DATEDIF(E11,F11,"M")+1 -> 12 | I11: 50 | J11: =IF($C11="","-",$H11*$I11) -> 600 | M11: 1 | W11: 45566
A12: 46116 | B12: CHE 0001462 | C12: 231 | D12: =VLOOKUP(C12,'MASTER Name List'!$B$3:$M$300,2,FALSE) -> 张桂玲 | E12: 46113 | F12: 46357 | G12: Apr_Dec26 | H12: =DATEDIF(E12,F12,"M")+1 -> 9 | I12: 50 | J12: =IF($C12="","-",$H12*$I12) -> 450 | M12: 1 | W12: 45597
A13: 46117 | B13: CHE 0001463 | C13: 232 | D13: =VLOOKUP(C13,'MASTER Name List'!$B$3:$M$300,2,FALSE) -> 刘铧亿 | E13: 46113 | F13: 46113 | G13: 46113 | H13: =DATEDIF(E13,F13,"M")+1 -> 1 | I13: 50 | J13: =IF($C13="","-",$H13*$I13) -> 50 | M13: 1 | W13: 45627
A14: 46117 | B14: CHE 0001464 | C14: 233 | D14: =VLOOKUP(C14,'MASTER Name List'!$B$3:$M$300,2,FALSE) -> 钟錥汉 | E14: 46113 | F14: 46174 | G14: Apr_Jun26 | H14: =DATEDIF(E14,F14,"M")+1 -> 3 | I14: 50 | J14: =IF($C14="","-",$H14*$I14) -> 150 | M14: 1 | N14: =SUMIF(M:M,"1",J:J) -> 1850 | O14: 08.04.2026 | W14: 45658
A15: 46118 | B15: CHE 0001465 | C15: 178 | D15: =VLOOKUP(C15,'MASTER Name List'!$B$3:$M$300,2,FALSE) -> 颜美葒 | E15: 46143 | F15: 46174 | G15: May_Jun26 | H15: =DATEDIF(E15,F15,"M")+1 -> 2 | I15: 50 | J15: =IF($C15="","-",$H15*$I15) -> 100 | M15: 2 | W15: 45689
A16: 46118 | B16: CHE 0001466 | C16: 164 | D16: =VLOOKUP(C16,'MASTER Name List'!$B$3:$M$300,2,FALSE) -> 梁佩仪 | E16: 46174 | F16: 46266 | G16: Jun_Sep26 | H16: =DATEDIF(E16,F16,"M")+1 -> 4 | I16: 50 | J16: =IF($C16="","-",$H16*$I16) -> 200 | M16: 2 | W16: 45717
A17: 46118 | B17: CHE 0001467 | C17: 4 | D17: =VLOOKUP(C17,'MASTER Name List'!$B$3:$M$300,2,FALSE) -> 邹运金 | E17: 46113 | F17: 46174 | G17: Apr_Jun26 | H17: =DATEDIF(E17,F17,"M")+1 -> 3 | I17: 50 | J17: =IF($C17="","-",$H17*$I17) -> 150 | M17: 2 | W17: 45748
A18: 46118 | B18: CHE 0001468 | C18: 72 | D18: =VLOOKUP(C18,'MASTER Name List'!$B$3:$M$300,2,FALSE) -> 何月琼 | E18: 45931 | F18: 45992 | G18: Oct_Dec25 | H18: =DATEDIF(E18,F18,"M")+1 -> 3 | I18: 50 | J18: =IF($C18="","-",$H18*$I18) -> 150 | M18: 2 | W18: 45778
A19: 46118 | B19: CHE 0001469 | C19: 86 | D19: =VLOOKUP(C19,'MASTER Name List'!$B$3:$M$300,2,FALSE) -> 蔡祥贤 | E19: 45931 | F19: 45992 | G19: Oct_Dec25 | H19: =DATEDIF(E19,F19,"M")+1 -> 3 | I19: 50 | J19: =IF($C19="","-",$H19*$I19) -> 150 | M19: 2 | W19: 45809
A20: 46118 | B20: CHE 0001470 | C20: 180 | D20: =VLOOKUP(C20,'MASTER Name List'!$B$3:$M$300,2,FALSE) -> 蔡健铭 | E20: 45931 | F20: 45992 | G20: Oct_Dec25 | H20: =DATEDIF(E20,F20,"M")+1 -> 3 | I20: 50 | J20: =IF($C20="","-",$H20*$I20) -> 150 | M20: 2 | W20: 45839
A21: 46121 | B21: CHE 0001471 | C21: 240 | D21: =VLOOKUP(C21,'MASTER Name List'!$B$3:$M$300,2,FALSE) -> 黎嘉祺 | E21: 46113 | F21: 46113 | G21: 46113 | H21: =DATEDIF(E21,F21,"M")+1 -> 1 | I21: 50 | J21: =IF($C21="","-",$H21*$I21) -> 50 | M21: 2 | W21: 45870
A22: 46123 | B22: CHE 0001472 | C22: 23 | D22: =VLOOKUP(C22,'MASTER Name List'!$B$3:$M$300,2,FALSE) -> 罗彩瑛 | E22: 46143 | F22: 46174 | G22: May_Jun26 | H22: =DATEDIF(E22,F22,"M")+1 -> 2 | I22: 50 | J22: =IF($C22="","-",$H22*$I22) -> 100 | M22: 2 | W22: 45901
A23: 46123 | B23: CHE 0001473 | C23: 239 | D23: =VLOOKUP(C23,'MASTER Name List'!$B$3:$M$300,2,FALSE) -> 何玉珍 | E23: 46113 | F23: 46357 | G23: Apr_Dec26 | H23: =DATEDIF(E23,F23,"M")+1 -> 9 | I23: 50 | J23: =IF($C23="","-",$H23*$I23) -> 450 | M23: 2 | N23: =SUMIF(M:M,"2",J:J) -> 1500 | O23: 13.04.2026 | W23: 45931
B24: CHE 0001474 | D24: =VLOOKUP(C24,'MASTER Name List'!$B$3:$M$300,2,FALSE) -> #N/A | H24: =DATEDIF(E24,F24,"M")+1 -> 1 | I24: 50 | J24: =IF($C24="","-",$H24*$I24) -> - | P24: Used for No.25 (Bank Transfer) | W24: 45962
A25: 46128 | B25: CHE 0001475 | C25: 43 | D25: =VLOOKUP(C25,'MASTER Name List'!$B$3:$M$300,2,FALSE) -> 林德成 | E25: 46143 | F25: 46235 | G25: May_Aug26 | H25: =DATEDIF(E25,F25,"M")+1 -> 4 | I25: 50 | J25: =IF($C25="","-",$H25*$I25) -> 200 | M25: 3 | W25: 45992
A26: 46128 | B26: CHE 0001476 | C26: 181 | D26: =VLOOKUP(C26,'MASTER Name List'!$B$3:$M$300,2,FALSE) -> 陈金清 | E26: 46082 | F26: 46113 | G26: Mar_Apr26 | H26: =DATEDIF(E26,F26,"M")+1 -> 2 | I26: 50 | J26: =IF($C26="","-",$H26*$I26) -> 100 | M26: 3 | W26: 46023
A27: 46129 | B27: CHE 0001477 | C27: 214 | D27: =VLOOKUP(C27,'MASTER Name List'!$B$3:$M$300,2,FALSE) -> 苏淑禛 | E27: 46113 | F27: 46174 | G27: Apr_Jun26 | H27: =DATEDIF(E27,F27,"M")+1 -> 3 | I27: 50 | J27: =IF($C27="","-",$H27*$I27) -> 150 | M27: 3 | W27: 46054
A28: 46130 | B28: CHE 0001478 | C28: 235 | D28: =VLOOKUP(C28,'MASTER Name List'!$B$3:$M$300,2,FALSE) -> 何玉凤 | E28: 46113 | F28: 46113 | G28: 46138 | H28: =DATEDIF(E28,F28,"M")+1 -> 1 | I28: 50 | J28: =IF($C28="","-",$H28*$I28) -> 50 | M28: 3 | W28: 46082
A29: 46130 | B29: CHE 0001479 | C29: 128 | D29: =VLOOKUP(C29,'MASTER Name List'!$B$3:$M$300,2,FALSE) -> 萧势襁 | E29: 46204 | F29: 46357 | G29: Jul_Dec26 | H29: =DATEDIF(E29,F29,"M")+1 -> 6 | I29: 50 | J29: =IF($C29="","-",$H29*$I29) -> 300 | M29: 3 | W29: 46113
A30: 46131 | B30: CHE 0001480 | C30: 232 | D30: =VLOOKUP(C30,'MASTER Name List'!$B$3:$M$300,2,FALSE) -> 刘铧亿 | E30: 46143 | F30: 46143 | G30: 46168 | H30: =DATEDIF(E30,F30,"M")+1 -> 1 | I30: 50 | J30: =IF($C30="","-",$H30*$I30) -> 50 | M30: 3 | N30: =SUMIF(M:M,"3",J:J) -> 850 | O30: 20.04.2026 | W30: 46143
D31: =VLOOKUP(C31,'MASTER Name List'!$B$3:$M$300,2,FALSE) -> #N/A | H31: =DATEDIF(E31,F31,"M")+1 -> 1 | I31: 50 | J31: =IF($C31="","-",$H31*$I31) -> - | W31: 46174
D32: =VLOOKUP(C32,'MASTER Name List'!$B$3:$M$300,2,FALSE) -> #N/A | H32: =DATEDIF(E32,F32,"M")+1 -> 1 | I32: 50 | J32: =IF($C32="","-",$H32*$I32) -> - | W32: 46204
D33: =VLOOKUP(C33,'MASTER Name List'!$B$3:$M$300,2,FALSE) -> #N/A | H33: =DATEDIF(E33,F33,"M")+1 -> 1 | I33: 50 | J33: =IF($C33="","-",$H33*$I33) -> - | W33: 46235
D34: =VLOOKUP(C34,'MASTER Name List'!$B$3:$M$300,2,FALSE) -> #N/A | H34: =DATEDIF(E34,F34,"M")+1 -> 1 | I34: 50 | J34: =IF($C34="","-",$H34*$I34) -> - | W34: 46266
D35: =VLOOKUP(C35,'MASTER Name List'!$B$3:$M$300,2,FALSE) -> #N/A | H35: =DATEDIF(E35,F35,"M")+1 -> 1 | I35: 50 | J35: =IF($C35="","-",$H35*$I35) -> - | W35: 46296
D36: =VLOOKUP(C36,'MASTER Name List'!$B$3:$M$300,2,FALSE) -> #N/A | H36: =DATEDIF(E36,F36,"M")+1 -> 1 | I36: 50 | J36: =IF($C36="","-",$H36*$I36) -> - | W36: 46327
D37: =VLOOKUP(C37,'MASTER Name List'!$B$3:$M$300,2,FALSE) -> #N/A | H37: =DATEDIF(E37,F37,"M")+1 -> 1 | I37: 50 | J37: =IF($C37="","-",$H37*$I37) -> - | W37: 46357
D38: =VLOOKUP(C38,'MASTER Name List'!$B$3:$M$300,2,FALSE) -> #N/A | H38: =DATEDIF(E38,F38,"M")+1 -> 1 | I38: 50 | J38: =IF($C38="","-",$H38*$I38) -> - | W38: 46388
D39: =VLOOKUP(C39,'MASTER Name List'!$B$3:$M$300,2,FALSE) -> #N/A | H39: =DATEDIF(E39,F39,"M")+1 -> 1 | I39: 50 | J39: =IF($C39="","-",$H39*$I39) -> - | W39: 46419
D40: =VLOOKUP(C40,'MASTER Name List'!$B$3:$M$300,2,FALSE) -> #N/A | H40: =DATEDIF(E40,F40,"M")+1 -> 1 | I40: 50 | J40: =IF($C40="","-",$H40*$I40) -> - | W40: 46447
D41: =VLOOKUP(C41,'MASTER Name List'!$B$3:$M$300,2,FALSE) -> #N/A | H41: =DATEDIF(E41,F41,"M")+1 -> 1 | I41: 50 | J41: =IF($C41="","-",$H41*$I41) -> - | W41: 46478
D42: =VLOOKUP(C42,'MASTER Name List'!$B$3:$M$300,2,FALSE) -> #N/A | H42: =DATEDIF(E42,F42,"M")+1 -> 1 | I42: 50 | J42: =IF($C42="","-",$H42*$I42) -> - | N42: =SUMIF(M:M,"5",J:J) -> 0 | W42: 46508
W43: 46539
W44: 46569
B45: BANK IN | W45: 46600
A46: 46113 | C46: 137 | D46: =VLOOKUP(C46,'MASTER Name List'!$B$3:$M$300,2,FALSE) -> 赖美珍 | E46: 46082 | F46: 46113 | G46: Mar_Apr26 | H46: =DATEDIF(E46,F46,"M")+1 -> 2 | I46: 50 | L46: =IF($C46="","-",$H46*$I46) -> 100 | P46: TouchNGo | Q46: Lai Mei Chin | W46: 46631
A47: 46113 | C47: 116 | D47: =VLOOKUP(C47,'MASTER Name List'!$B$3:$M$300,2,FALSE) -> 李薇薇 | E47: 46113 | F47: 46113 | G47: 46113 | H47: =DATEDIF(E47,F47,"M")+1 -> 1 | I47: 50 | L47: =IF($C47="","-",$H47*$I47) -> 50 | P47: BT | Q47: Lee Wei Wei | W47: 46661
A48: 46113 | C48: 117 | D48: =VLOOKUP(C48,'MASTER Name List'!$B$3:$M$300,2,FALSE) -> 张志文 | E48: 46113 | F48: 46113 | G48: 46113 | H48: =DATEDIF(E48,F48,"M")+1 -> 1 | I48: 50 | L48: =IF($C48="","-",$H48*$I48) -> 50 | P48: BT | Q48: Lee Wei Wei/Chong Chee Wen | W48: 46692
A49: 46114 | C49: 230 | D49: =VLOOKUP(C49,'MASTER Name List'!$B$3:$M$300,2,FALSE) -> 林建兴 | E49: 46113 | F49: 46357 | G49: Apr_Dec26 | H49: =DATEDIF(E49,F49,"M")+1 -> 9 | I49: 50 | L49: =IF($C49="","-",$H49*$I49) -> 450 | P49: BT | Q49: LH Car Enterprise (Lim Kian Hin) | W49: 46722
A50: 46115 | C50: 52 | D50: =VLOOKUP(C50,'MASTER Name List'!$B$3:$M$300,2,FALSE) -> 陈宝蓉 | E50: 46082 | F50: 46113 | G50: Mar_Apr26 | H50: =DATEDIF(E50,F50,"M")+1 -> 2 | I50: 50 | L50: =IF($C50="","-",$H50*$I50) -> 100 | P50: BT | Q50: Tan Poh Yong | W50: 46753
A51: 46115 | C51: 102 | D51: =VLOOKUP(C51,'MASTER Name List'!$B$3:$M$300,2,FALSE) -> 戴川凤 | E51: 46082 | F51: 46113 | G51: Mar_Apr26 | H51: =DATEDIF(E51,F51,"M")+1 -> 2 | I51: 50 | L51: =IF($C51="","-",$H51*$I51) -> 100 | P51: ATM | Q51: Tai Kim Poh | W51: 46784
A52: 46118 | C52: 175 | D52: =VLOOKUP(C52,'MASTER Name List'!$B$3:$M$300,2,FALSE) -> 洪鼎惟 | E52: 46113 | F52: 46113 | G52: 46113 | H52: =DATEDIF(E52,F52,"M")+1 -> 1 | I52: 50 | L52: =IF($C52="","-",$H52*$I52) -> 50 | P52: BT | Q52: Hoon Teng Hui | W52: 46813
A53: 46120 | C53: 40 | D53: =VLOOKUP(C53,'MASTER Name List'!$B$3:$M$300,2,FALSE) -> 何梅歆 | E53: 46266 | F53: 46266 | G53: 46266 | H53: =DATEDIF(E53,F53,"M")+1 -> 1 | I53: 50 | L53: =IF($C53="","-",$H53*$I53) -> 50 | P53: BT | Q53: Hoo Mei Sing | W53: 46844
A54: 46123 | B54: CHE0001474 | C54: 25 | D54: =VLOOKUP(C54,'MASTER Name List'!$B$3:$M$300,2,FALSE) -> 何艺寿 | E54: 46054 | F54: 46357 | G54: Feb_Dec26 | H54: =DATEDIF(E54,F54,"M")+1 -> 11 | I54: 50 | L54: =IF($C54="","-",$H54*$I54) -> 550 | P54: BT | Q54: Hoo Yoke Saw | W54: 46874
A55: 46126 | C55: 237 | D55: =VLOOKUP(C55,'MASTER Name List'!$B$3:$M$300,2,FALSE) -> 陈映如 | E55: 46113 | F55: 46357 | G55: Apr_Dec26 | H55: =DATEDIF(E55,F55,"M")+1 -> 9 | I55: 50 | L55: =IF($C55="","-",$H55*$I55) -> 450 | P55: BT | Q55: Tan Ying Ju | W55: 46905
A56: 46136 | C56: 80 | D56: =VLOOKUP(C56,'MASTER Name List'!$B$3:$M$300,2,FALSE) -> 黄淑芬 | E56: 46143 | F56: 46143 | G56: 46143 | H56: =DATEDIF(E56,F56,"M")+1 -> 1 | I56: 50 | L56: =IF($C56="","-",$H56*$I56) -> 50 | P56: BT | Q56: Wong Su Fong | W56: 46935
A57: 46136 | C57: 224 | D57: =VLOOKUP(C57,'MASTER Name List'!$B$3:$M$300,2,FALSE) -> 黄文勝 | E57: 46143 | F57: 46143 | G57: 46143 | H57: =DATEDIF(E57,F57,"M")+1 -> 1 | I57: 50 | L57: =IF($C57="","-",$H57*$I57) -> 50 | P57: BT | Q57: Wong Su Fong | W57: 46966
A58: 46141 | C58: 78 | D58: =VLOOKUP(C58,'MASTER Name List'!$B$3:$M$300,2,FALSE) -> 江永成 | E58: 46023 | F58: 46174 | G58: Jan_Jun26 | H58: =DATEDIF(E58,F58,"M")+1 -> 6 | I58: 50 | L58: =IF($C58="","-",$H58*$I58) -> 300 | P58: BT | Q58: Raymond Kong Eng Seng | W58: 46997
A59: 46124 | C59: 104 | D59: =VLOOKUP(C59,'MASTER Name List'!$B$3:$M$300,2,FALSE) -> 连美丽 | E59: 46082 | F59: 46113 | G59: Mar_Apr26 | H59: =DATEDIF(E59,F59,"M")+1 -> 2 | I59: 50 | L59: =IF($C59="","-",$H59*$I59) -> 100 | P59: BT | Q59: Lien Mei Li | W59: 47027
A60: 46138 | C60: 155 | D60: =VLOOKUP(C60,'MASTER Name List'!$B$3:$M$300,2,FALSE) -> 李宝珠 | E60: 46113 | F60: 46174 | G60: Apr_Jun26 | H60: =DATEDIF(E60,F60,"M")+1 -> 3 | I60: 50 | L60: =IF($C60="","-",$H60*$I60) -> 150 | P60: BT | Q60: Lee Poh Choo / Wee Mun Kuan | W60: 47058
D61: =VLOOKUP(C61,'MASTER Name List'!$B$3:$M$300,2,FALSE) -> #N/A | H61: =DATEDIF(E61,F61,"M")+1 -> 1 | I61: 50 | L61: =IF($C61="","-",$H61*$I61) -> - | W61: 47088
D62: =VLOOKUP(C62,'MASTER Name List'!$B$3:$M$300,2,FALSE) -> #N/A | H62: =DATEDIF(E62,F62,"M")+1 -> 1 | I62: 50 | L62: =IF($C62="","-",$H62*$I62) -> -
D63: =VLOOKUP(C63,'MASTER Name List'!$B$3:$M$300,2,FALSE) -> #N/A | H63: =DATEDIF(E63,F63,"M")+1 -> 1 | I63: 50 | L63: =IF($C63="","-",$H63*$I63) -> -
L64: =IF($C64="","-",$H64*$I64) -> -
J67: =SUM(J8:J66) -> 4200 | K67: =SUM(K8:K66) -> 0 | L67: =SUM(L8:L66) -> 2600 | N67: =SUM(N8:N66) -> 4200

Sheet May-26
N4: 2026 年 5 月份 - HLB 05500129613
A5: 月费善款 收纳表/ Official Receipt Summary: | E5: 赞助的月份
E6: Payment for the month of | J6: 金额 Amount (RM) | N6: ** CDM : Cash Deposit Machine
A7: 日期 Date | B7: 收据编号 Official Receipt No | C7: 月费号码 | D7: 捐款人 姓名 Name | E7: START MONTH | F7: END MONTH | G7: REF. | H7: No.of Month | I7: 月费 | J7: 现款 Cash | K7: 支票 Cheque | L7: 网上银行转账 Online Bank Transfer | M7: CDM SEQ | N7: (CDM) Bank-in Amount | O7: (CDM) Bank-in Date | P7: 备注 Remark
J8: RM | K8: RM
A9: 46143 | B9: CHE 0001481 | C9: 195 | D9: =VLOOKUP(C9,'MASTER Name List'!$B$3:$M$300,2,FALSE) -> 田玉英 | E9: 46266 | F9: 46357 | G9: Sep_Dec26 | H9: =DATEDIF(E9,F9,"M")+1 -> 4 | I9: 50 | J9: =IF($C9="","-",$H9*$I9) -> 200 | M9: 1 | P9: OR Book # 130
A10: 46143 | B10: CHE 0001482 | C10: 99 | D10: =VLOOKUP(C10,'MASTER Name List'!$B$3:$M$300,2,FALSE) -> 吴毓遴 | E10: 46113 | F10: 46174 | G10: Apr_Jun26 | H10: =DATEDIF(E10,F10,"M")+1 -> 3 | I10: 50 | J10: =IF($C10="","-",$H10*$I10) -> 150 | M10: 1 | W10: 45536
A11: 46143 | B11: CHE 0001483 | C11: 72 | D11: =VLOOKUP(C11,'MASTER Name List'!$B$3:$M$300,2,FALSE) -> 何月琼 | E11: 46023 | F11: 46082 | G11: Jan_Mar26 | H11: =DATEDIF(E11,F11,"M")+1 -> 3 | I11: 50 | J11: =IF($C11="","-",$H11*$I11) -> 150 | M11: 1 | W11: 45566
A12: 46143 | B12: CHE 0001484 | C12: 86 | D12: =VLOOKUP(C12,'MASTER Name List'!$B$3:$M$300,2,FALSE) -> 蔡祥贤 | E12: 46023 | F12: 46082 | G12: Jan_Mar26 | H12: =DATEDIF(E12,F12,"M")+1 -> 3 | I12: 50 | J12: =IF($C12="","-",$H12*$I12) -> 150 | M12: 1 | W12: 45597
A13: 46143 | B13: CHE 0001485 | C13: 180 | D13: =VLOOKUP(C13,'MASTER Name List'!$B$3:$M$300,2,FALSE) -> 蔡健铭 | E13: 46023 | F13: 46082 | G13: Jan_Mar26 | H13: =DATEDIF(E13,F13,"M")+1 -> 3 | I13: 50 | J13: =IF($C13="","-",$H13*$I13) -> 150 | M13: 1 | W13: 45627
A14: 46143 | B14: CHE 0001486 | C14: 234 | D14: =VLOOKUP(C14,'MASTER Name List'!$B$3:$M$300,2,FALSE) -> 文嘉诚 | E14: 46143 | F14: 46143 | G14: 46143 | H14: =DATEDIF(E14,F14,"M")+1 -> 1 | I14: 50 | J14: =IF($C14="","-",$H14*$I14) -> 50 | M14: 1 | W14: 45658
A15: 46144 | B15: CHE 0001487 | C15: 170 | D15: =VLOOKUP(C15,'MASTER Name List'!$B$3:$M$300,2,FALSE) -> 陈柔霓 | E15: 46143 | F15: 46174 | G15: May_Jun26 | H15: =DATEDIF(E15,F15,"M")+1 -> 2 | I15: 50 | J15: =IF($C15="","-",$H15*$I15) -> 100 | M15: 1 | N15: =SUMIF(M:M,"1",J:J) -> 950 | O15: 04.05.2026 | W15: 45689
