Workbook

Sheet Sheet1
A1: 日期 Date | B1: 收据编号 Official Receipt No | C1: 编号 No/ | D1: 捐款人 姓名 Name | E1: START MONTH | F1: END MONTH | G1: No/ of Mth | H1: Total Amt | K1: CHE MEMBER | L1: Status | M1: 会员编号 | N1: 姓名 | O1: Total Payment | P1: Start Month | Q1: End Month
A2: 45644 | B2: CHE 0001056 | C2: 3 | D2: Anna Justina | E2: 45658 | F2: 45689 | G2: 2 | H2: 100 | K2: =IF(L2="CHE", COUNTIF($L$2:L2, "CHE"), "") -> 1 | L2: CHE | M2: 3 | N2: Anna Justina | O2: =SUMIF(C:C,M2,H:H) -> 750 | P2: =_xlfn.MINIFS($E:$E,$C:$C,$M2) -> 45658 | Q2: =_xlfn.MAXIFS($F:$F,$C:$C,$M2) -> 46082 | R2: =DATEDIF(P2,Q2,"M")+1 -> 15 | S2: =50*R2 -> 750
A3: 45686 | B3: CHE 0001091 | C3: 3 | D3: Anna Justina | E3: 45717 | F3: 45809 | G3: 4 | H3: 200 | K3: =IF(L3="CHE", COUNTIF($L$2:L3, "CHE"), "") -> 2 | L3: CHE | M3: 4 | N3: 邹运金 | O3: =SUMIF(C:C,M3,H:H) -> 900 | P3: =_xlfn.MINIFS($E:$E,$C:$C,$M3) -> 45658 | Q3: =_xlfn.MAXIFS($F:$F,$C:$C,$M3) -> 46174 | R3: =DATEDIF(P3,Q3,"M")+1 -> 18 | S3: =50*R3 -> 900
A4: 45854 | B4: CHE 0001183 | C4: 3 | D4: Anna Justina | E4: 45839 | F4: 45870 | G4: 2 | H4: 100 | K4: =IF(L4="CHE", COUNTIF($L$2:L4, "CHE"), "") | L4: STW | M4: 5 | N4: 林姵辰 | O4: =SUMIF(C:C,M4,H:H) -> 0 | P4: =_xlfn.MINIFS($E:$E,$C:$C,$M4) -> 0 | Q4: =_xlfn.MAXIFS($F:$F,$C:$C,$M4) -> 0 | R4: =DATEDIF(P4,Q4,"M")+1 -> 1 | S4: =50*R4 -> 50
A5: 45970 | B5: CHE 0001276 | C5: 3 | D5: Anna Justina | E5: 45901 | F5: 45931 | G5: 2 | H5: 100 | K5: =IF(L5="CHE", COUNTIF($L$2:L5, "CHE"), "") -> 3 | L5: CHE | M5: 6 | N5: 张婷奕 | O5: =SUMIF(C:C,M5,H:H) -> 1200 | P5: =_xlfn.MINIFS($E:$E,$C:$C,$M5) -> 45658 | Q5: =_xlfn.MAXIFS($F:$F,$C:$C,$M5) -> 46357 | R5: =DATEDIF(P5,Q5,"M")+1 -> 24 | S5: =50*R5 -> 1200
A6: 46084 | B6: CHE 0001445 | C6: 3 | D6: Anna Justina | E6: 45962 | F6: 45992 | G6: 2 | H6: 100 | K6: =IF(L6="CHE", COUNTIF($L$2:L6, "CHE"), "") -> 4 | L6: CHE | M6: 10 | N6: 吴添玉 | O6: =SUMIF(C:C,M6,H:H) -> 600 | P6: =_xlfn.MINIFS($E:$E,$C:$C,$M6) -> 46023 | Q6: =_xlfn.MAXIFS($F:$F,$C:$C,$M6) -> 46357 | R6: =DATEDIF(P6,Q6,"M")+1 -> 12 | S6: =50*R6 -> 600
A7: 46096 | B7: CHE 0001449 | C7: 3 | D7: Anna Justina | E7: 46023 | F7: 46054 | G7: 2 | H7: 100 | K7: =IF(L7="CHE", COUNTIF($L$2:L7, "CHE"), "") -> 5 | L7: CHE | M7: 11 | N7: 方玉芬 | O7: =SUMIF(C:C,M7,H:H) -> 1200 | P7: =_xlfn.MINIFS($E:$E,$C:$C,$M7) -> 45658 | Q7: =_xlfn.MAXIFS($F:$F,$C:$C,$M7) -> 46357 | R7: =DATEDIF(P7,Q7,"M")+1 -> 24 | S7: =50*R7 -> 1200
A8: 46096 | B8: CHE 0001450 | C8: 3 | D8: Anna Justina | E8: 46082 | F8: 46082 | G8: 1 | H8: 50 | K8: =IF(L8="CHE", COUNTIF($L$2:L8, "CHE"), "") | L8: STW | M8: 12 | N8: 黄欣仪 | O8: =SUMIF(C:C,M8,H:H) -> 0 | P8: =_xlfn.MINIFS($E:$E,$C:$C,$M8) -> 0 | Q8: =_xlfn.MAXIFS($F:$F,$C:$C,$M8) -> 0 | R8: =DATEDIF(P8,Q8,"M")+1 -> 1 | S8: =50*R8 -> 50
A9: 45665 | B9: CHE 0001077 | C9: 4 | D9: 邹运金 | E9: 45658 | F9: 45689 | G9: 2 | H9: 100 | K9: =IF(L9="CHE", COUNTIF($L$2:L9, "CHE"), "") -> 6 | L9: CHE | M9: 13 | N9: 黄慧霞 | O9: =SUMIF(C:C,M9,H:H) -> 700 | P9: =_xlfn.MINIFS($E:$E,$C:$C,$M9) -> 45658 | Q9: =_xlfn.MAXIFS($F:$F,$C:$C,$M9) -> 46054 | R9: =DATEDIF(P9,Q9,"M")+1 -> 14 | S9: =50*R9 -> 700
A10: 45749 | B10: CHE 0001136 | C10: 4 | D10: 邹运金 | E10: 45717 | F10: 45748 | G10: 2 | H10: 100 | K10: =IF(L10="CHE", COUNTIF($L$2:L10, "CHE"), "") -> 7 | L10: CHE | M10: 14 | N10: 廖佳韵 | O10: =SUMIF(C:C,M10,H:H) -> 700 | P10: =_xlfn.MINIFS($E:$E,$C:$C,$M10) -> 45597 | Q10: =_xlfn.MAXIFS($F:$F,$C:$C,$M10) -> 45992 | R10: =DATEDIF(P10,Q10,"M")+1 -> 14 | S10: =50*R10 -> 700
A11: 45811 | B11: CHE 0001159 | C11: 4 | D11: 邹运金 | E11: 45778 | F11: 45809 | G11: 2 | H11: 100 | K11: =IF(L11="CHE", COUNTIF($L$2:L11, "CHE"), "") -> 8 | L11: CHE | M11: 17 | N11: 王婉娟 | O11: =SUMIF(C:C,M11,H:H) -> 300 | P11: =_xlfn.MINIFS($E:$E,$C:$C,$M11) -> 45658 | Q11: =_xlfn.MAXIFS($F:$F,$C:$C,$M11) -> 45809 | R11: =DATEDIF(P11,Q11,"M")+1 -> 6 | S11: =50*R11 -> 300
A12: 45840 | B12: CHE 0001174 | C12: 4 | D12: 邹运金 | E12: 45839 | F12: 45870 | G12: 2 | H12: 100 | K12: =IF(L12="CHE", COUNTIF($L$2:L12, "CHE"), "") | L12: 退 (Jan-26) | M12: 18 | N12: 江杰骏 | O12: =SUMIF(C:C,M12,H:H) -> 350 | P12: =_xlfn.MINIFS($E:$E,$C:$C,$M12) -> 45505 | Q12: =_xlfn.MAXIFS($F:$F,$C:$C,$M12) -> 45689 | R12: =DATEDIF(P12,Q12,"M")+1 -> 7 | S12: =50*R12 -> 350
A13: 45922 | B13: CHE 0001255 | C13: 4 | D13: 邹运金 | E13: 45901 | F13: 45992 | G13: 4 | H13: 200 | K13: =IF(L13="CHE", COUNTIF($L$2:L13, "CHE"), "") -> 9 | L13: CHE | M13: 19 | N13: 廖秋华 | O13: =SUMIF(C:C,M13,H:H) -> 900 | P13: =_xlfn.MINIFS($E:$E,$C:$C,$M13) -> 45658 | Q13: =_xlfn.MAXIFS($F:$F,$C:$C,$M13) -> 46174 | R13: =DATEDIF(P13,Q13,"M")+1 -> 18 | S13: =50*R13 -> 900
... A16: 45698 | B16: CHE0001223 | C16: 6 | D16: 张婷奕 | E16: 45658 | F16: 45992 | G16: 12 | H16: 600 | K16: =IF(L16="CHE", COUNTIF($L$2:L16, "CHE"), "") | L16: 退 (Jan-26) | M16: 24 | N16: 陈淑心 | O16: =SUMIF(C:C,M16,H:H) -> 750 | P16: =_xlfn.MINIFS($E:$E,$C:$C,$M16) -> 45566 | Q16: =_xlfn.MAXIFS($F:$F,$C:$C,$M16) -> 45992 | R16: =DATEDIF(P16,Q16,"M")+1 -> 15 | S16: =50*R16 -> 750
A17: 46084 | C17: 6 | D17: 张婷奕 | E17: 46023 | F17: 46357 | G17: 12 | H17: 600 | K17: =IF(L17="CHE", COUNTIF($L$2:L17, "CHE"), "") -> 11 | L17: CHE | M17: 25 | N17: 何艺寿 | O17: =SUMIF(C:C,M17,H:H) -> 1200 | P17: =_xlfn.MINIFS($E:$E,$C:$C,$M17) -> 45658 | Q17: =_xlfn.MAXIFS($F:$F,$C:$C,$M17) -> 46357 | R17: =DATEDIF(P17,Q17,"M")+1 -> 24 | S17: =50*R17 -> 1200
A18: 46055 | B18: CHE 0001427 | C18: 10 | D18: 吴添玉 | E18: 46023 | F18: 46357 | G18: 12 | H18: 600 | K18: =IF(L18="CHE", COUNTIF($L$2:L18, "CHE"), "") | L18: STW | M18: 28 | N18: 陈莉莉 | O18: =SUMIF(C:C,M18,H:H) -> 0 | P18: =_xlfn.MINIFS($E:$E,$C:$C,$M18) -> 0 | Q18: =_xlfn.MAXIFS($F:$F,$C:$C,$M18) -> 0 | R18: =DATEDIF(P18,Q18,"M")+1 -> 1 | S18: =50*R18 -> 50
A19: 45686 | B19: CHE 0001094 | C19: 11 | D19: 方玉芬 | E19: 45658 | F19: 45992 | G19: 12 | H19: 600 | K19: =IF(L19="CHE", COUNTIF($L$2:L19, "CHE"), "") | L19: 退 (Jan-26) | M19: 29 | N19: 王万龄 | O19: =SUMIF(C:C,M19,H:H) -> 650 | P19: =_xlfn.MINIFS($E:$E,$C:$C,$M19) -> 45627 | Q19: =_xlfn.MAXIFS($F:$F,$C:$C,$M19) -> 45992 | R19: =DATEDIF(P19,Q19,"M")+1 -> 13 | S19: =50*R19 -> 650
A20: 46025 | B20: CHE 0001404 | C20: 11 | D20: 方玉芬 | E20: 46023 | F20: 46357 | G20: 12 | H20: 600 | K20: =IF(L20="CHE", COUNTIF($L$2:L20, "CHE"), "") | L20: CHE-X | M20: 32 | N20: 吴丽娟 | O20: =SUMIF(C:C,M20,H:H) -> 0 | P20: =_xlfn.MINIFS($E:$E,$C:$C,$M20) -> 0 | Q20: =_xlfn.MAXIFS($F:$F,$C:$C,$M20) -> 0 | R20: =DATEDIF(P20,Q20,"M")+1 -> 1 | S20: =50*R20 -> 50
A21: 45679 | B21: CHE0001211 | C21: 13 | D21: 黄慧霞 | E21: 45658 | F21: 45689 | G21: 2 | H21: 100 | K21: =IF(L21="CHE", COUNTIF($L$2:L21, "CHE"), "") -> 12 | L21: CHE | M21: 33 | N21: 房薇玲 | O21: =SUMIF(C:C,M21,H:H) -> 600 | P21: =_xlfn.MINIFS($E:$E,$C:$C,$M21) -> 45658 | Q21: =_xlfn.MAXIFS($F:$F,$C:$C,$M21) -> 45992 | R21: =DATEDIF(P21,Q21,"M")+1 -> 12 | S21: =50*R21 -> 600
A22: 45737 | B22: CHE0001245 | C22: 13 | D22: 黄慧霞 | E22: 45717 | F22: 45992 | G22: 10 | H22: 500 | K22: =IF(L22="CHE", COUNTIF($L$2:L22, "CHE"), "") | L22: STW | M22: 35 | N22: 王家宝 | O22: =SUMIF(C:C,M22,H:H) -> 0 | P22: =_xlfn.MINIFS($E:$E,$C:$C,$M22) -> 0 | Q22: =_xlfn.MAXIFS($F:$F,$C:$C,$M22) -> 0 | R22: =DATEDIF(P22,Q22,"M")+1 -> 1 | S22: =50*R22 -> 50
A23: 46074 | C23: 13 | D23: 黄慧霞 | E23: 46023 | F23: 46054 | G23: 2 | H23: 100 | K23: =IF(L23="CHE", COUNTIF($L$2:L23, "CHE"), "") -> 13 | L23: CHE | M23: 36 | N23: 钱淑娟 | O23: =SUMIF(C:C,M23,H:H) -> 1200 | P23: =_xlfn.MINIFS($E:$E,$C:$C,$M23) -> 45658 | Q23: =_xlfn.MAXIFS($F:$F,$C:$C,$M23) -> 46357 | R23: =DATEDIF(P23,Q23,"M")+1 -> 24 | S23: =50*R23 -> 1200
A24: 45717 | B24: CHE0001231 | C24: 14 | D24: 廖佳韵 | E24: 45597 | F24: 45748 | G24: 6 | H24: 300 | K24: =IF(L24="CHE", COUNTIF($L$2:L24, "CHE"), "") -> 14 | L24: CHE | M24: 40 | N24: 何梅歆 | O24: =SUMIF(C:C,M24,H:H) -> 1100 | P24: =_xlfn.MINIFS($E:$E,$C:$C,$M24) -> 45658 | Q24: =_xlfn.MAXIFS($F:$F,$C:$C,$M24) -> 46296 | R24: =DATEDIF(P24,Q24,"M")+1 -> 22 | S24: =50*R24 -> 1100
A25: 45964 | B25: CHE0001389 | C25: 14 | D25: 廖佳韵 | E25: 45778 | F25: 45992 | G25: 8 | H25: 400 | K25: =IF(L25="CHE", COUNTIF($L$2:L25, "CHE"), "") | L25: CHE-X | M25: 41 | N25: 曾宪康 | O25: =SUMIF(C:C,M25,H:H) -> 200 | P25: =_xlfn.MINIFS($E:$E,$C:$C,$M25) -> 45536 | Q25: =_xlfn.MAXIFS($F:$F,$C:$C,$M25) -> 45627 | R25: =DATEDIF(P25,Q25,"M")+1 -> 4 | S25: =50*R25 -> 200
A26: 45716 | B26: CHE0001230 | C26: 17 | D26: 王婉娟 | E26: 45658 | F26: 45809 | G26: 6 | H26: 300 | K26: =IF(L26="CHE", COUNTIF($L$2:L26, "CHE"), "") -> 15 | L26: CHE | M26: 42 | N26: 李俐赪 | O26: =SUMIF(C:C,M26,H:H) -> 900 | P26: =_xlfn.MINIFS($E:$E,$C:$C,$M26) -> 45658 | Q26: =_xlfn.MAXIFS($F:$F,$C:$C,$M26) -> 46174 | R26: =DATEDIF(P26,Q26,"M")+1 -> 18 | S26: =50*R26 -> 900
A27: 45641 | B27: CHE 0001055 | C27: 18 | D27: 江嘉峻 | E27: 45505 | F27: 45627 | G27: 5 | H27: 250 | K27: =IF(L27="CHE", COUNTIF($L$2:L27, "CHE"), "") -> 16 | L27: CHE | M27: 43 | N27: 林德成 | O27: =SUMIF(C:C,M27,H:H) -> 1000 | P27: =_xlfn.MINIFS($E:$E,$C:$C,$M27) -> 45658 | Q27: =_xlfn.MAXIFS($F:$F,$C:$C,$M27) -> 46235 | R27: =DATEDIF(P27,Q27,"M")+1 -> 20 | S27: =50*R27 -> 1000
A28: 45881 | B28: CHE 0001191 | C28: 18 | D28: 江杰骏 | E28: 45658 | F28: 45689 | G28: 2 | H28: 100 | K28: =IF(L28="CHE", COUNTIF($L$2:L28, "CHE"), "") | L28: STW | M28: 45 | N28: 林丽燕 | O28: =SUMIF(C:C,M28,H:H) -> 0 | P28: =_xlfn.MINIFS($E:$E,$C:$C,$M28) -> 0 | Q28: =_xlfn.MAXIFS($F:$F,$C:$C,$M28) -> 0 | R28: =DATEDIF(P28,Q28,"M")+1 -> 1 | S28: =50*R28 -> 50
A29: 45660 | B29: CHE 0001070 | C29: 19 | D29: 廖秋华 | E29: 45658 | F29: 45748 | G29: 4 | H29: 200 | K29: =IF(L29="CHE", COUNTIF($L$2:L29, "CHE"), "") -> 17 | L29: CHE | M29: 48 | N29: 叶鏸郧 | O29: =SUMIF(C:C,M29,H:H) -> 950 | P29: =_xlfn.MINIFS($E:$E,$C:$C,$M29) -> 45566 | Q29: =_xlfn.MAXIFS($F:$F,$C:$C,$M29) -> 46113 | R29: =DATEDIF(P29,Q29,"M")+1 -> 19 | S29: =50*R29 -> 950
A30: 45849 | B30: CHE 0001178 | C30: 19 | D30: 廖秋华 | E30: 45778 | F30: 45809 | G30: 2 | H30: 100 | K30: =IF(L30="CHE", COUNTIF($L$2:L30, "CHE"), "") -> 18 | L30: CHE | M30: 50 | N30: 陈俊达 | O30: =SUMIF(C:C,M30,H:H) -> 1200 | P30: =_xlfn.MINIFS($E:$E,$C:$C,$M30) -> 45658 | Q30: =_xlfn.MAXIFS($F:$F,$C:$C,$M30) -> 46357 | R30: =DATEDIF(P30,Q30,"M")+1 -> 24 | S30: =50*R30 -> 1200
A31: 45895 | B31: CHE 0001192 | C31: 19 | D31: 廖秋华 | E31: 45839 | F31: 45992 | G31: 6 | H31: 300 | K31: =IF(L31="CHE", COUNTIF($L$2:L31, "CHE"), "") -> 19 | L31: CHE | M31: 52 | N31: 陈宝蓉 | O31: =SUMIF(C:C,M31,H:H) -> 900 | P31: =_xlfn.MINIFS($E:$E,$C:$C,$M31) -> 45658 | Q31: =_xlfn.MAXIFS($F:$F,$C:$C,$M31) -> 46174 | R31: =DATEDIF(P31,Q31,"M")+1 -> 18 | S31: =50*R31 -> 900
A32: 46030 | B32: CHE 0001410 | C32: 19 | D32: 廖秋华 | E32: 46023 | F32: 46174 | G32: 6 | H32: 300 | K32: =IF(L32="CHE", COUNTIF($L$2:L32, "CHE"), "") -> 20 | L32: CHE | M32: 53 | N32: 张媄绮 | O32: =SUMIF(C:C,M32,H:H) -> 1200 | P32: =_xlfn.MINIFS($E:$E,$C:$C,$M32) -> 45658 | Q32: =_xlfn.MAXIFS($F:$F,$C:$C,$M32) -> 46357 | R32: =DATEDIF(P32,Q32,"M")+1 -> 24 | S32: =50*R32 -> 1200
A33: 45668 | B33: CHE 0001080 | C33: 23 | D33: 罗彩云 | E33: 45658 | F33: 45809 | G33: 6 | H33: 300 | K33: =IF(L33="CHE", COUNTIF($L$2:L33, "CHE"), "") -> 21 | L33: CHE | M33: 54 | N33: 黄丽玲 | O33: =SUMIF(C:C,M33,H:H) -> 800 | P33: =_xlfn.MINIFS($E:$E,$C:$C,$M33) -> 45658 | Q33: =_xlfn.MAXIFS($F:$F,$C:$C,$M33) -> 46113 | R33: =DATEDIF(P33,Q33,"M")+1 -> 16 | S33: =50*R33 -> 800
A34: 45818 | B34: CHE 0001163 | C34: 23 | D34: 罗彩瑛 | E34: 45839 | F34: 45870 | G34: 2 | H34: 100 | K34: =IF(L34="CHE", COUNTIF($L$2:L34, "CHE"), "") | L34: 退 (Apr-21) | M34: 56 | N34: 詹联明 | O34: =SUMIF(C:C,M34,H:H) -> 0 | P34: =_xlfn.MINIFS($E:$E,$C:$C,$M34) -> 0 | Q34: =_xlfn.MAXIFS($F:$F,$C:$C,$M34) -> 0 | R34: =DATEDIF(P34,Q34,"M")+1 -> 1 | S34: =50*R34 -> 50
A35: 45940 | B35: CHE 0001266 | C35: 23 | D35: 罗彩瑛 | E35: 45901 | F35: 45992 | G35: 4 | H35: 200 | K35: =IF(L35="CHE", COUNTIF($L$2:L35, "CHE"), "") -> 22 | L35: CHE | M35: 61 | N35: 黄素彬 | O35: =SUMIF(C:C,M35,H:H) -> 1200 | P35: =_xlfn.MINIFS($E:$E,$C:$C,$M35) -> 45839 | Q35: =_xlfn.MAXIFS($F:$F,$C:$C,$M35) -> 46539 | R35: =DATEDIF(P35,Q35,"M")+1 -> 24 | S35: =50*R35 -> 1200
... A59: 45817 | B59: CHE0001336 | C59: 40 | D59: 何梅歆 | E59: 46054 | F59: 46082 | G59: 2 | H59: 100 | K59: =IF(L59="CHE", COUNTIF($L$2:L59, "CHE"), "") -> 37 | L59: CHE | M59: 94 | N59: 余合福 | O59: =SUMIF(C:C,M59,H:H) -> 1050 | P59: =_xlfn.MINIFS($E:$E,$C:$C,$M59) -> 45839 | Q59: =_xlfn.MAXIFS($F:$F,$C:$C,$M59) -> 46539 | R59: =DATEDIF(P59,Q59,"M")+1 -> 24 | S59: =50*R59 -> 1200
A60: 46069 | C60: 40 | D60: 何梅歆 | E60: 46113 | F60: 46174 | G60: 3 | H60: 150 | K60: =IF(L60="CHE", COUNTIF($L$2:L60, "CHE"), "") | L60: 退 (Jan-21) | M60: 95 | N60: 刘黛娣 | O60: =SUMIF(C:C,M60,H:H) -> 0 | P60: =_xlfn.MINIFS($E:$E,$C:$C,$M60) -> 0 | Q60: =_xlfn.MAXIFS($F:$F,$C:$C,$M60) -> 0 | R60: =DATEDIF(P60,Q60,"M")+1 -> 1 | S60: =50*R60 -> 50
A61: 46094 | C61: 40 | D61: 何梅歆 | E61: 46204 | F61: 46235 | G61: 2 | H61: 100 | K61: =IF(L61="CHE", COUNTIF($L$2:L61, "CHE"), "") -> 38 | L61: CHE | M61: 96 | N61: 余丽苹 | O61: =SUMIF(C:C,M61,H:H) -> 900 | P61: =_xlfn.MINIFS($E:$E,$C:$C,$M61) -> 45658 | Q61: =_xlfn.MAXIFS($F:$F,$C:$C,$M61) -> 46174 | R61: =DATEDIF(P61,Q61,"M")+1 -> 18 | S61: =50*R61 -> 900
A62: 46120 | C62: 40 | D62: 何梅歆 | E62: 46266 | F62: 46266 | G62: 1 | H62: 50 | K62: =IF(L62="CHE", COUNTIF($L$2:L62, "CHE"), "") -> 39 | L62: CHE | M62: 97 | N62: 陈素秋 | O62: =SUMIF(C:C,M62,H:H) -> 1000 | P62: =_xlfn.MINIFS($E:$E,$C:$C,$M62) -> 45658 | Q62: =_xlfn.MAXIFS($F:$F,$C:$C,$M62) -> 46235 | R62: =DATEDIF(P62,Q62,"M")+1 -> 20 | S62: =50*R62 -> 1000
A63: 46149 | C63: 40 | D63: 何梅歆 | E63: 46296 | F63: 46296 | G63: 1 | H63: 50 | K63: =IF(L63="CHE", COUNTIF($L$2:L63, "CHE"), "") -> 40 | L63: CHE | M63: 99 | N63: 吴滟芳 | O63: =SUMIF(C:C,M63,H:H) -> 900 | P63: =_xlfn.MINIFS($E:$E,$C:$C,$M63) -> 45658 | Q63: =_xlfn.MAXIFS($F:$F,$C:$C,$M63) -> 46174 | R63: =DATEDIF(P63,Q63,"M")+1 -> 18 | S63: =50*R63 -> 900
A64: 45649 | B64: CHE0001035 | C64: 41 | D64: 曾宪康 | E64: 45536 | F64: 45627 | G64: 4 | H64: 200 | K64: =IF(L64="CHE", COUNTIF($L$2:L64, "CHE"), "") | L64: CHE-X | M64: 100 | N64: 温媜帏 | O64: =SUMIF(C:C,M64,H:H) -> 300 | P64: =_xlfn.MINIFS($E:$E,$C:$C,$M64) -> 45474 | Q64: =_xlfn.MAXIFS($F:$F,$C:$C,$M64) -> 45627 | R64: =DATEDIF(P64,Q64,"M")+1 -> 6 | S64: =50*R64 -> 300
A65: 45669 | B65: CHE 0001082 | C65: 42 | D65: 李俐祯 | E65: 45658 | F65: 45809 | G65: 6 | H65: 300 | K65: =IF(L65="CHE", COUNTIF($L$2:L65, "CHE"), "") | L65: STW | M65: 101 | N65: 刘千凤 | O65: =SUMIF(C:C,M65,H:H) -> 0 | P65: =_xlfn.MINIFS($E:$E,$C:$C,$M65) -> 0 | Q65: =_xlfn.MAXIFS($F:$F,$C:$C,$M65) -> 0 | R65: =DATEDIF(P65,Q65,"M")+1 -> 1 | S65: =50*R65 -> 50
A66: 45823 | B66: CHE 0001167 | C66: 42 | D66: 李俐赪 | E66: 45839 | F66: 45992 | G66: 6 | H66: 300 | K66: =IF(L66="CHE", COUNTIF($L$2:L66, "CHE"), "") -> 41 | L66: CHE | M66: 102 | N66: 戴川凤 | O66: =SUMIF(C:C,M66,H:H) -> 900 | P66: =_xlfn.MINIFS($E:$E,$C:$C,$M66) -> 45597 | Q66: =_xlfn.MAXIFS($F:$F,$C:$C,$M66) -> 46113 | R66: =DATEDIF(P66,Q66,"M")+1 -> 18 | S66: =50*R66 -> 900
A67: 46026 | B67: CHE 0001407 | C67: 42 | D67: 李俐赪 | E67: 46023 | F67: 46174 | G67: 6 | H67: 300 | K67: =IF(L67="CHE", COUNTIF($L$2:L67, "CHE"), "") -> 42 | L67: CHE | M67: 103 | N67: 林采諺 | O67: =SUMIF(C:C,M67,H:H) -> 900 | P67: =_xlfn.MINIFS($E:$E,$C:$C,$M67) -> 45658 | Q67: =_xlfn.MAXIFS($F:$F,$C:$C,$M67) -> 46174 | R67: =DATEDIF(P67,Q67,"M")+1 -> 18 | S67: =50*R67 -> 900
A68: 45690 | B68: CHE 0001099 | C68: 43 | D68: 林德成 | E68: 45658 | F68: 45717 | G68: 3 | H68: 150 | K68: =IF(L68="CHE", COUNTIF($L$2:L68, "CHE"), "") -> 43 | L68: CHE | M68: 104 | N68: 连美丽 | O68: =SUMIF(C:C,M68,H:H) -> 700 | P68: =_xlfn.MINIFS($E:$E,$C:$C,$M68) -> 45658 | Q68: =_xlfn.MAXIFS($F:$F,$C:$C,$M68) -> 46054 | R68: =DATEDIF(P68,Q68,"M")+1 -> 14 | S68: =50*R68 -> 700
A69: 45763 | B69: CHE 0001139 | C69: 43 | D69: 林德成 | E69: 45748 | F69: 45809 | G69: 3 | H69: 150 | K69: =IF(L69="CHE", COUNTIF($L$2:L69, "CHE"), "") -> 44 | L69: CHE | M69: 106 | N69: 文渼媄 | O69: =SUMIF(C:C,M69,H:H) -> 850 | P69: =_xlfn.MINIFS($E:$E,$C:$C,$M69) -> 45658 | Q69: =_xlfn.MAXIFS($F:$F,$C:$C,$M69) -> 46082 | R69: =DATEDIF(P69,Q69,"M")+1 -> 15 | S69: =50*R69 -> 750
A70: 45906 | B70: CHE 0001197 | C70: 43 | D70: 林德成 | E70: 45839 | F70: 45992 | G70: 6 | H70: 300 | K70: =IF(L70="CHE", COUNTIF($L$2:L70, "CHE"), "") | L70: 退 (Jul-23) | M70: 107 | N70: 梁袁诚 | O70: =SUMIF(C:C,M70,H:H) -> 0 | P70: =_xlfn.MINIFS($E:$E,$C:$C,$M70) -> 0 | Q70: =_xlfn.MAXIFS($F:$F,$C:$C,$M70) -> 0 | R70: =DATEDIF(P70,Q70,"M")+1 -> 1 | S70: =50*R70 -> 50
A71: 46057 | B71: CHE 0001428 | C71: 43 | D71: 林德成 | E71: 46023 | F71: 46054 | G71: 2 | H71: 100 | K71: =IF(L71="CHE", COUNTIF($L$2:L71, "CHE"), "") | L71: 退 (Jul-24) | M71: 108 | N71: 陈吉珠 | O71: =SUMIF(C:C,M71,H:H) -> 0 | P71: =_xlfn.MINIFS($E:$E,$C:$C,$M71) -> 0 | Q71: =_xlfn.MAXIFS($F:$F,$C:$C,$M71) -> 0 | R71: =DATEDIF(P71,Q71,"M")+1 -> 1 | S71: =50*R71 -> 50
A72: 46074 | B72: CHE 0001439 | C72: 43 | D72: 林德成 | E72: 46082 | F72: 46113 | G72: 2 | H72: 100 | K72: =IF(L72="CHE", COUNTIF($L$2:L72, "CHE"), "") | L72: 退 (Nov-22) | M72: 109 | N72: 李美燕 | O72: =SUMIF(C:C,M72,H:H) -> 0 | P72: =_xlfn.MINIFS($E:$E,$C:$C,$M72) -> 0 | Q72: =_xlfn.MAXIFS($F:$F,$C:$C,$M72) -> 0 | R72: =DATEDIF(P72,Q72,"M")+1 -> 1 | S72: =50*R72 -> 50
A73: 46128 | B73: CHE 0001475 | C73: 43 | D73: 林德成 | E73: 46143 | F73: 46235 | G73: 4 | H73: 200 | K73: =IF(L73="CHE", COUNTIF($L$2:L73, "CHE"), "") | L73: 退 (Nov-22) | M73: 110 | N73: 陈世海 | O73: =SUMIF(C:C,M73,H:H) -> 0 | P73: =_xlfn.MINIFS($E:$E,$C:$C,$M73) -> 0 | Q73: =_xlfn.MAXIFS($F:$F,$C:$C,$M73) -> 0 | R73: =DATEDIF(P73,Q73,"M")+1 -> 1 | S73: =50*R73 -> 50
A74: 45643 | B74: CHE0001034 | C74: 48 | D74: 叶鏸郧 | E74: 45566 | F74: 45627 | G74: 3 | H74: 150 | K74: =IF(L74="CHE", COUNTIF($L$2:L74, "CHE"), "") | L74: STW | M74: 111 | N74: 卓梅枝 | O74: =SUMIF(C:C,M74,H:H) -> 0 | P74: =_xlfn.MINIFS($E:$E,$C:$C,$M74) -> 0 | Q74: =_xlfn.MAXIFS($F:$F,$C:$C,$M74) -> 0 | R74: =DATEDIF(P74,Q74,"M")+1 -> 1 | S74: =50*R74 -> 50
A75: 45815 | B75: CHE0001334 | C75: 48 | D75: 叶鏸郧 | E75: 45658 | F75: 45717 | G75: 3 | H75: 150 | K75: =IF(L75="CHE", COUNTIF($L$2:L75, "CHE"), "") | L75: 退 (Jan-26) | M75: 114 | N75: 刁修淋 | O75: =SUMIF(C:C,M75,H:H) -> 600 | P75: =_xlfn.MINIFS($E:$E,$C:$C,$M75) -> 45658 | Q75: =_xlfn.MAXIFS($F:$F,$C:$C,$M75) -> 45992 | R75: =DATEDIF(P75,Q75,"M")+1 -> 12 | S75: =50*R75 -> 600
... A78: 46076 | B78: CHE 0001441 | C78: 48 | D78: 叶鏸郧 | E78: 45962 | F78: 46023 | G78: 3 | H78: 150 | K78: =IF(L78="CHE", COUNTIF($L$2:L78, "CHE"), "") -> 47 | L78: CHE | M78: 120 | N78: 王碧琳 | O78: =SUMIF(C:C,M78,H:H) -> 1200 | P78: =_xlfn.MINIFS($E:$E,$C:$C,$M78) -> 45658 | Q78: =_xlfn.MAXIFS($F:$F,$C:$C,$M78) -> 46357 | R78: =DATEDIF(P78,Q78,"M")+1 -> 24 | S78: =50*R78 -> 1200
A79: 46146 | C79: 48 | D79: 叶鏸郧 | E79: 46054 | F79: 46113 | G79: 3 | H79: 150 | K79: =IF(L79="CHE", COUNTIF($L$2:L79, "CHE"), "") -> 48 | L79: CHE | M79: 123 | N79: 黄丽娟 | O79: =SUMIF(C:C,M79,H:H) -> 800 | P79: =_xlfn.MINIFS($E:$E,$C:$C,$M79) -> 45658 | Q79: =_xlfn.MAXIFS($F:$F,$C:$C,$M79) -> 46113 | R79: =DATEDIF(P79,Q79,"M")+1 -> 16 | S79: =50*R79 -> 800
A80: 45816 | B80: CHE0001335 | C80: 50 | D80: 陈俊达 | E80: 45658 | F80: 45992 | G80: 12 | H80: 600 | K80: =IF(L80="CHE", COUNTIF($L$2:L80, "CHE"), "") | L80: 退 (Jan-25) | M80: 124 | N80: 高渼惠 | O80: =SUMIF(C:C,M80,H:H) -> 50 | P80: =_xlfn.MINIFS($E:$E,$C:$C,$M80) -> 45627 | Q80: =_xlfn.MAXIFS($F:$F,$C:$C,$M80) -> 45627 | R80: =DATEDIF(P80,Q80,"M")+1 -> 1 | S80: =50*R80 -> 50
A81: 46047 | B81: CHE0001518 | C81: 50 | D81: 陈俊达 | E81: 46023 | F81: 46357 | G81: 12 | H81: 600 | K81: =IF(L81="CHE", COUNTIF($L$2:L81, "CHE"), "") -> 49 | L81: CHE | M81: 126 | N81: 张凤 | O81: =SUMIF(C:C,M81,H:H) -> 900 | P81: =_xlfn.MINIFS($E:$E,$C:$C,$M81) -> 45658 | Q81: =_xlfn.MAXIFS($F:$F,$C:$C,$M81) -> 46174 | R81: =DATEDIF(P81,Q81,"M")+1 -> 18 | S81: =50*R81 -> 900
A82: 45693 | B82: CHE0001221 | C82: 52 | D82: 陈宝蓉 | E82: 45658 | F82: 45689 | G82: 2 | H82: 100 | K82: =IF(L82="CHE", COUNTIF($L$2:L82, "CHE"), "") -> 50 | L82: CHE | M82: 127 | N82: 陈梅兰 | O82: =SUMIF(C:C,M82,H:H) -> 1200 | P82: =_xlfn.MINIFS($E:$E,$C:$C,$M82) -> 45658 | Q82: =_xlfn.MAXIFS($F:$F,$C:$C,$M82) -> 46357 | R82: =DATEDIF(P82,Q82,"M")+1 -> 24 | S82: =50*R82 -> 1200
A83: 45761 | B83: CHE0001308 | C83: 52 | D83: 陈宝蓉 | E83: 45717 | F83: 45748 | G83: 2 | H83: 100 | K83: =IF(L83="CHE", COUNTIF($L$2:L83, "CHE"), "") -> 51 | L83: CHE | M83: 128 | N83: 萧势襁 | O83: =SUMIF(C:C,M83,H:H) -> 1200 | P83: =_xlfn.MINIFS($E:$E,$C:$C,$M83) -> 45658 | Q83: =_xlfn.MAXIFS($F:$F,$C:$C,$M83) -> 46357 | R83: =DATEDIF(P83,Q83,"M")+1 -> 24 | S83: =50*R83 -> 1200
A84: 45813 | B84: CHE0001330 | C84: 52 | D84: 陈宝蓉 | E84: 45778 | F84: 45809 | G84: 2 | H84: 100 | K84: =IF(L84="CHE", COUNTIF($L$2:L84, "CHE"), "") -> 52 | L84: CHE | M84: 130 | N84: 王丽珠 | O84: =SUMIF(C:C,M84,H:H) -> 350 | P84: =_xlfn.MINIFS($E:$E,$C:$C,$M84) -> 45597 | Q84: =_xlfn.MAXIFS($F:$F,$C:$C,$M84) -> 45778 | R84: =DATEDIF(P84,Q84,"M")+1 -> 7 | S84: =50*R84 -> 350
A85: 45861 | B85: CHE0001347 | C85: 52 | D85: 陈宝蓉 | E85: 45839 | F85: 45870 | G85: 2 | H85: 100 | K85: =IF(L85="CHE", COUNTIF($L$2:L85, "CHE"), "") -> 53 | L85: CHE | M85: 131 | N85: 王康芬 | O85: =SUMIF(C:C,M85,H:H) -> 900 | P85: =_xlfn.MINIFS($E:$E,$C:$C,$M85) -> 45658 | Q85: =_xlfn.MAXIFS($F:$F,$C:$C,$M85) -> 46174 | R85: =DATEDIF(P85,Q85,"M")+1 -> 18 | S85: =50*R85 -> 900
A86: 45909 | B86: CHE0001369 | C86: 52 | D86: 陈宝蓉 | E86: 45901 | F86: 45931 | G86: 2 | H86: 100 | K86: =IF(L86="CHE", COUNTIF($L$2:L86, "CHE"), "") -> 54 | L86: CHE | M86: 132 | N86: 陈杍䍿 | O86: =SUMIF(C:C,M86,H:H) -> 900 | P86: =_xlfn.MINIFS($E:$E,$C:$C,$M86) -> 45658 | Q86: =_xlfn.MAXIFS($F:$F,$C:$C,$M86) -> 46174 | R86: =DATEDIF(P86,Q86,"M")+1 -> 18 | S86: =50*R86 -> 900
A87: 45977 | B87: CHE0001393 | C87: 52 | D87: 陈宝蓉 | E87: 45962 | F87: 45992 | G87: 2 | H87: 100 | K87: =IF(L87="CHE", COUNTIF($L$2:L87, "CHE"), "") -> 55 | L87: CHE | M87: 134 | N87: 黄丽萍 | O87: =SUMIF(C:C,M87,H:H) -> 1200 | P87: =_xlfn.MINIFS($E:$E,$C:$C,$M87) -> 45658 | Q87: =_xlfn.MAXIFS($F:$F,$C:$C,$M87) -> 46357 | R87: =DATEDIF(P87,Q87,"M")+1 -> 24 | S87: =50*R87 -> 1200
A88: 46058 | C88: 52 | D88: 陈宝蓉 | E88: 46023 | F88: 46054 | G88: 2 | H88: 100 | K88: =IF(L88="CHE", COUNTIF($L$2:L88, "CHE"), "") -> 56 | L88: CHE | M88: 135 | N88: 刘永耀 | O88: =SUMIF(C:C,M88,H:H) -> 1200 | P88: =_xlfn.MINIFS($E:$E,$C:$C,$M88) -> 45658 | Q88: =_xlfn.MAXIFS($F:$F,$C:$C,$M88) -> 46357 | R88: =DATEDIF(P88,Q88,"M")+1 -> 24 | S88: =50*R88 -> 1200
A89: 46115 | C89: 52 | D89: 陈宝蓉 | E89: 46082 | F89: 46113 | G89: 2 | H89: 100 | K89: =IF(L89="CHE", COUNTIF($L$2:L89, "CHE"), "") -> 57 | L89: CHE | M89: 136 | N89: 赖宝珍 | O89: =SUMIF(C:C,M89,H:H) -> 600 | P89: =_xlfn.MINIFS($E:$E,$C:$C,$M89) -> 45658 | Q89: =_xlfn.MAXIFS($F:$F,$C:$C,$M89) -> 45992 | R89: =DATEDIF(P89,Q89,"M")+1 -> 12 | S89: =50*R89 -> 600
A90: 46149 | C90: 52 | D90: 陈宝蓉 | E90: 46143 | F90: 46174 | G90: 2 | H90: 100 | K90: =IF(L90="CHE", COUNTIF($L$2:L90, "CHE"), "") -> 58 | L90: CHE | M90: 137 | N90: 赖美珍 | O90: =SUMIF(C:C,M90,H:H) -> 900 | P90: =_xlfn.MINIFS($E:$E,$C:$C,$M90) -> 45627 | Q90: =_xlfn.MAXIFS($F:$F,$C:$C,$M90) -> 46143 | R90: =DATEDIF(P90,Q90,"M")+1 -> 18 | S90: =50*R90 -> 900
A91: 45661 | B91: CHE0001043 | C91: 53 | D91: 张媄绮 | E91: 45658 | F91: 45992 | G91: 12 | H91: 600 | K91: =IF(L91="CHE", COUNTIF($L$2:L91, "CHE"), "") | L91: CHE-X | M91: 138 | N91: 李六妹 | O91: =SUMIF(C:C,M91,H:H) -> 0 | P91: =_xlfn.MINIFS($E:$E,$C:$C,$M91) -> 0 | Q91: =_xlfn.MAXIFS($F:$F,$C:$C,$M91) -> 0 | R91: =DATEDIF(P91,Q91,"M")+1 -> 1 | S91: =50*R91 -> 50
A92: 46054 | B92: CHE 0001425 | C92: 53 | D92: 张媄绮 | E92: 46023 | F92: 46357 | G92: 12 | H92: 600 | K92: =IF(L92="CHE", COUNTIF($L$2:L92, "CHE"), "") -> 59 | L92: CHE | M92: 139 | N92: 黄宝芝 | O92: =SUMIF(C:C,M92,H:H) -> 1200 | P92: =_xlfn.MINIFS($E:$E,$C:$C,$M92) -> 45658 | Q92: =_xlfn.MAXIFS($F:$F,$C:$C,$M92) -> 46357 | R92: =DATEDIF(P92,Q92,"M")+1 -> 24 | S92: =50*R92 -> 1200
A93: 45487 | B93: CHE0000891 | C93: 54 | D93: 黄丽玲 | E93: 45658 | F93: 45658 | G93: 1 | H93: 50 | K93: =IF(L93="CHE", COUNTIF($L$2:L93, "CHE"), "") | L93: STW | M93: 141 | N93: 张舒惠 | O93: =SUMIF(C:C,M93,H:H) -> 0 | P93: =_xlfn.MINIFS($E:$E,$C:$C,$M93) -> 0 | Q93: =_xlfn.MAXIFS($F:$F,$C:$C,$M93) -> 0 | R93: =DATEDIF(P93,Q93,"M")+1 -> 1 | S93: =50*R93 -> 50
A94: 45696 | B94: CHE 0001106 | C94: 54 | D94: 黄丽玲 | E94: 45689 | F94: 45717 | G94: 2 | H94: 100 | K94: =IF(L94="CHE", COUNTIF($L$2:L94, "CHE"), "") | L94: STW | M94: 142 | N94: 张畯宏 | O94: =SUMIF(C:C,M94,H:H) -> 0 | P94: =_xlfn.MINIFS($E:$E,$C:$C,$M94) -> 0 | Q94: =_xlfn.MAXIFS($F:$F,$C:$C,$M94) -> 0 | R94: =DATEDIF(P94,Q94,"M")+1 -> 1 | S94: =50*R94 -> 50
A95: 45730 | B95: CHE0001243 | C95: 54 | D95: 黄丽玲 | E95: 45748 | F95: 46023 | G95: 10 | H95: 500 | K95: =IF(L95="CHE", COUNTIF($L$2:L95, "CHE"), "") | L95: 退 ( Feb-22) | M95: 143 | N95: 章伟声 | O95: =SUMIF(C:C,M95,H:H) -> 0 | P95: =_xlfn.MINIFS($E:$E,$C:$C,$M95) -> 0 | Q95: =_xlfn.MAXIFS($F:$F,$C:$C,$M95) -> 0 | R95: =DATEDIF(P95,Q95,"M")+1 -> 1 | S95: =50*R95 -> 50
A96: 46107 | B96: CHE 0001456 | C96: 54 | D96: 黄丽玲 | E96: 46054 | F96: 46113 | G96: 3 | H96: 150 | K96: =IF(L96="CHE", COUNTIF($L$2:L96, "CHE"), "") | L96: 退 ( Jan-24) | M96: 144 | N96: 李涍萍 | O96: =SUMIF(C:C,M96,H:H) -> 0 | P96: =_xlfn.MINIFS($E:$E,$C:$C,$M96) -> 0 | Q96: =_xlfn.MAXIFS($F:$F,$C:$C,$M96) -> 0 | R96: =DATEDIF(P96,Q96,"M")+1 -> 1 | S96: =50*R96 -> 50
A97: 45729 | B97: CHE0001242 | C97: 61 | D97: 黄素彬 | E97: 45839 | F97: 46174 | G97: 12 | H97: 600 | K97: =IF(L97="CHE", COUNTIF($L$2:L97, "CHE"), "") -> 60 | L97: CHE | M97: 145 | N97: 许俊豪 | O97: =SUMIF(C:C,M97,H:H) -> 600 | P97: =_xlfn.MINIFS($E:$E,$C:$C,$M97) -> 45658 | Q97: =_xlfn.MAXIFS($F:$F,$C:$C,$M97) -> 45992 | R97: =DATEDIF(P97,Q97,"M")+1 -> 12 | S97: =50*R97 -> 600
A98: 46024 | B98: CHE0001508 | C98: 61 | D98: 黄素彬 | E98: 46204 | F98: 46235 | G98: 2 | H98: 100 | K98: =IF(L98="CHE", COUNTIF($L$2:L98, "CHE"), "") | L98: 退 ( Jan-24) | M98: 147 | N98: 李威康 | O98: =SUMIF(C:C,M98,H:H) -> 0 | P98: =_xlfn.MINIFS($E:$E,$C:$C,$M98) -> 0 | Q98: =_xlfn.MAXIFS($F:$F,$C:$C,$M98) -> 0 | R98: =DATEDIF(P98,Q98,"M")+1 -> 1 | S98: =50*R98 -> 50
A99: 46151 | C99: 61 | D99: 黄素彬 | E99: 46266 | F99: 46539 | G99: 10 | H99: 500 | K99: =IF(L99="CHE", COUNTIF($L$2:L99, "CHE"), "") -> 61 | L99: CHE | M99: 148 | N99: 黄玉莲 | O99: =SUMIF(C:C,M99,H:H) -> 1200 | P99: =_xlfn.MINIFS($E:$E,$C:$C,$M99) -> 45658 | Q99: =_xlfn.MAXIFS($F:$F,$C:$C,$M99) -> 46357 | R99: =DATEDIF(P99,Q99,"M")+1 -> 24 | S99: =50*R99 -> 1200
A100: 45667 | B100: CHE0001049 | C100: 62 | D100: 叶淑芳 | E100: 45658 | F100: 45809 | G100: 6 | H100: 300 | K100: =IF(L100="CHE", COUNTIF($L$2:L100, "CHE"), "") | L100: STW | M100: 149 | N100: 陈松腾 | O100: =SUMIF(C:C,M100,H:H) -> 0 | P100: =_xlfn.MINIFS($E:$E,$C:$C,$M100) -> 0 | Q100: =_xlfn.MAXIFS($F:$F,$C:$C,$M100) -> 0 | R100: =DATEDIF(P100,Q100,"M")+1 -> 1 | S100: =50*R100 -> 50
A101: 45834 | B101: CHE 0001171 | C101: 62 | D101: 叶淑芳 | E101: 45839 | F101: 45992 | G101: 6 | H101: 300 | K101: =IF(L101="CHE", COUNTIF($L$2:L101, "CHE"), "") | L101: STW | M101: 150 | N101: 黄茗尉 | O101: =SUMIF(C:C,M101,H:H) -> 0 | P101: =_xlfn.MINIFS($E:$E,$C:$C,$M101) -> 0 | Q101: =_xlfn.MAXIFS($F:$F,$C:$C,$M101) -> 0 | R101: =DATEDIF(P101,Q101,"M")+1 -> 1 | S101: =50*R101 -> 50
A102: 46025 | B102: CHE 0001296 | C102: 62 | D102: 叶淑芳 | E102: 46023 | F102: 46174 | G102: 6 | H102: 300 | K102: =IF(L102="CHE", COUNTIF($L$2:L102, "CHE"), "") -> 62 | L102: CHE | M102: 151 | N102: 翁俊斌 | O102: =SUMIF(C:C,M102,H:H) -> 1200 | P102: =_xlfn.MINIFS($E:$E,$C:$C,$M102) -> 45658 | Q102: =_xlfn.MAXIFS($F:$F,$C:$C,$M102) -> 46357 | R102: =DATEDIF(P102,Q102,"M")+1 -> 24 | S102: =50*R102 -> 1200
A103: 45669 | B103: CHE0001202 | C103: 64 | D103: 韦素枝 | E103: 45658 | F103: 45748 | G103: 4 | H103: 200 | K103: =IF(L103="CHE", COUNTIF($L$2:L103, "CHE"), "") | L103: STW | M103: 152 | N103: 卢元爱 | O103: =SUMIF(C:C,M103,H:H) -> 0 | P103: =_xlfn.MINIFS($E:$E,$C:$C,$M103) -> 0 | Q103: =_xlfn.MAXIFS($F:$F,$C:$C,$M103) -> 0 | R103: =DATEDIF(P103,Q103,"M")+1 -> 1 | S103: =50*R103 -> 50
A104: 45833 | B104: CHE0001337 | C104: 64 | D104: 韦素枝 | E104: 45778 | F104: 45870 | G104: 4 | H104: 200 | K104: =IF(L104="CHE", COUNTIF($L$2:L104, "CHE"), "") | L104: CHE-X | M104: 154 | N104: 谢富生 | O104: =SUMIF(C:C,M104,H:H) -> 300 | P104: =_xlfn.MINIFS($E:$E,$C:$C,$M104) -> 45474 | Q104: =_xlfn.MAXIFS($F:$F,$C:$C,$M104) -> 45627 | R104: =DATEDIF(P104,Q104,"M")+1 -> 6 | S104: =50*R104 -> 300
A105: 45864 | B105: CHE0001348 | C105: 64 | D105: 韦素枝 | E105: 45901 | F105: 45992 | G105: 4 | H105: 200 | K105: =IF(L105="CHE", COUNTIF($L$2:L105, "CHE"), "") -> 63 | L105: CHE | M105: 155 | N105: 李宝珠 | O105: =SUMIF(C:C,M105,H:H) -> 750 | P105: =_xlfn.MINIFS($E:$E,$C:$C,$M105) -> 45658 | Q105: =_xlfn.MAXIFS($F:$F,$C:$C,$M105) -> 46082 | R105: =DATEDIF(P105,Q105,"M")+1 -> 15 | S105: =50*R105 -> 750
A106: 46048 | B106: CHE0001520 | C106: 64 | D106: 韦素枝 | E106: 46023 | F106: 46113 | G106: 4 | H106: 200 | K106: =IF(L106="CHE", COUNTIF($L$2:L106, "CHE"), "") | L106: 退 (Jan-22) | M106: 157 | N106: 杨嘉风 | O106: =SUMIF(C:C,M106,H:H) -> 0 | P106: =_xlfn.MINIFS($E:$E,$C:$C,$M106) -> 0 | Q106: =_xlfn.MAXIFS($F:$F,$C:$C,$M106) -> 0 | R106: =DATEDIF(P106,Q106,"M")+1 -> 1 | S106: =50*R106 -> 50
A107: 46165 | C107: 64 | D107: 韦素枝 | E107: 46143 | F107: 46235 | G107: 4 | H107: 200 | K107: =IF(L107="CHE", COUNTIF($L$2:L107, "CHE"), "") | L107: 退 ( Jul-23) | M107: 158 | N107: 许俍富 | O107: =SUMIF(C:C,M107,H:H) -> 0 | P107: =_xlfn.MINIFS($E:$E,$C:$C,$M107) -> 0 | Q107: =_xlfn.MAXIFS($F:$F,$C:$C,$M107) -> 0 | R107: =DATEDIF(P107,Q107,"M")+1 -> 1 | S107: =50*R107 -> 50
A108: 45654 | B108: CHE0001038 | C108: 67 | D108: Roger Lim | E108: 45566 | F108: 45627 | G108: 3 | H108: 150 | K108: =IF(L108="CHE", COUNTIF($L$2:L108, "CHE"), "") -> 64 | L108: CHE | M108: 160 | N108: 郑筱頵 | O108: =SUMIF(C:C,M108,H:H) -> 1200 | P108: =_xlfn.MINIFS($E:$E,$C:$C,$M108) -> 45658 | Q108: =_xlfn.MAXIFS($F:$F,$C:$C,$M108) -> 46357 | R108: =DATEDIF(P108,Q108,"M")+1 -> 24 | S108: =50*R108 -> 1200
A109: 45688 | B109: CHE0001216 | C109: 68 | D109: 沈观胜 | E109: 45658 | F109: 45717 | G109: 3 | H109: 150 | K109: =IF(L109="CHE", COUNTIF($L$2:L109, "CHE"), "") | L109: 退 | M109: 161 | N109: 董志存 | O109: =SUMIF(C:C,M109,H:H) -> 0 | P109: =_xlfn.MINIFS($E:$E,$C:$C,$M109) -> 0 | Q109: =_xlfn.MAXIFS($F:$F,$C:$C,$M109) -> 0 | R109: =DATEDIF(P109,Q109,"M")+1 -> 1 | S109: =50*R109 -> 50
A110: 45781 | B110: CHE0001318 | C110: 68 | D110: 沈观胜 | E110: 45748 | F110: 45809 | G110: 3 | H110: 150 | K110: =IF(L110="CHE", COUNTIF($L$2:L110, "CHE"), "") -> 65 | L110: CHE | M110: 162 | N110: 方惠贤 | O110: =SUMIF(C:C,M110,H:H) -> 900 | P110: =_xlfn.MINIFS($E:$E,$C:$C,$M110) -> 45658 | Q110: =_xlfn.MAXIFS($F:$F,$C:$C,$M110) -> 46174 | R110: =DATEDIF(P110,Q110,"M")+1 -> 18 | S110: =50*R110 -> 900
A111: 45899 | B111: CHE0001361 | C111: 68 | D111: 沈观胜 | E111: 45839 | F111: 45901 | G111: 3 | H111: 150 | K111: =IF(L111="CHE", COUNTIF($L$2:L111, "CHE"), "") | L111: 退 (Oct-25) | M111: 163 | N111: 周玉暹 | O111: =SUMIF(C:C,M111,H:H) -> 500 | P111: =_xlfn.MINIFS($E:$E,$C:$C,$M111) -> 45658 | Q111: =_xlfn.MAXIFS($F:$F,$C:$C,$M111) -> 45931 | R111: =DATEDIF(P111,Q111,"M")+1 -> 10 | S111: =50*R111 -> 500
A112: 46007 | B112: CHE0001501 | C112: 68 | D112: 沈观胜 | E112: 45931 | F112: 45992 | G112: 3 | H112: 150 | K112: =IF(L112="CHE", COUNTIF($L$2:L112, "CHE"), "") -> 66 | L112: CHE | M112: 164 | N112: 梁佩仪（馨尹） | O112: =SUMIF(C:C,M112,H:H) -> 1050 | P112: =_xlfn.MINIFS($E:$E,$C:$C,$M112) -> 45658 | Q112: =_xlfn.MAXIFS($F:$F,$C:$C,$M112) -> 46266 | R112: =DATEDIF(P112,Q112,"M")+1 -> 21 | S112: =50*R112 -> 1050
A113: 46038 | B113: CHE0001516 | C113: 68 | D113: 沈观胜 | E113: 46023 | F113: 46082 | G113: 3 | H113: 150 | K113: =IF(L113="CHE", COUNTIF($L$2:L113, "CHE"), "") -> 67 | L113: CHE | M113: 167 | N113: 罗紫纶 | O113: =SUMIF(C:C,M113,H:H) -> 900 | P113: =_xlfn.MINIFS($E:$E,$C:$C,$M113) -> 45658 | Q113: =_xlfn.MAXIFS($F:$F,$C:$C,$M113) -> 46174 | R113: =DATEDIF(P113,Q113,"M")+1 -> 18 | S113: =50*R113 -> 900
A114: 46143 | C114: 68 | D114: 沈观胜 | E114: 46113 | F114: 46174 | G114: 3 | H114: 150 | K114: =IF(L114="CHE", COUNTIF($L$2:L114, "CHE"), "") -> 68 | L114: CHE | M114: 168 | N114: 王秋蓉 | O114: =SUMIF(C:C,M114,H:H) -> 700 | P114: =_xlfn.MINIFS($E:$E,$C:$C,$M114) -> 45658 | Q114: =_xlfn.MAXIFS($F:$F,$C:$C,$M114) -> 46054 | R114: =DATEDIF(P114,Q114,"M")+1 -> 14 | S114: =50*R114 -> 700
A115: 45686 | B115: CHE 0001092 | C115: 69 | D115: 卢锭伟 | E115: 45658 | F115: 45809 | G115: 6 | H115: 300 | K115: =IF(L115="CHE", COUNTIF($L$2:L115, "CHE"), "") | L115: STW | M115: 169 | N115: 黄真妮 | O115: =SUMIF(C:C,M115,H:H) -> 0 | P115: =_xlfn.MINIFS($E:$E,$C:$C,$M115) -> 0 | Q115: =_xlfn.MAXIFS($F:$F,$C:$C,$M115) -> 0 | R115: =DATEDIF(P115,Q115,"M")+1 -> 1 | S115: =50*R115 -> 50
A116: 45759 | B116: CHE 0001138 | C116: 69 | D116: 卢锭伟 | E116: 45839 | F116: 45992 | G116: 6 | H116: 300 | K116: =IF(L116="CHE", COUNTIF($L$2:L116, "CHE"), "") -> 69 | L116: CHE | M116: 170 | N116: 陈柔霓 | O116: =SUMIF(C:C,M116,H:H) -> 900 | P116: =_xlfn.MINIFS($E:$E,$C:$C,$M116) -> 45658 | Q116: =_xlfn.MAXIFS($F:$F,$C:$C,$M116) -> 46174 | R116: =DATEDIF(P116,Q116,"M")+1 -> 18 | S116: =50*R116 -> 900
A117: 46026 | B117: CHE 0001406 | C117: 69 | D117: 卢锭伟 | E117: 46023 | F117: 46174 | G117: 6 | H117: 300 | K117: =IF(L117="CHE", COUNTIF($L$2:L117, "CHE"), "") -> 70 | L117: CHE | M117: 172 | N117: 蔡均镅 | O117: =SUMIF(C:C,M117,H:H) -> 900 | P117: =_xlfn.MINIFS($E:$E,$C:$C,$M117) -> 45658 | Q117: =_xlfn.MAXIFS($F:$F,$C:$C,$M117) -> 46174 | R117: =DATEDIF(P117,Q117,"M")+1 -> 18 | S117: =50*R117 -> 900
A118: 45557 | B118: CHE0000986 | C118: 70 | D118: 李䘤帷 | E118: 45658 | F118: 45658 | G118: 1 | H118: 50 | K118: =IF(L118="CHE", COUNTIF($L$2:L118, "CHE"), "") -> 71 | L118: CHE | M118: 173 | N118: 张杍䌻 | O118: =SUMIF(C:C,M118,H:H) -> 950 | P118: =_xlfn.MINIFS($E:$E,$C:$C,$M118) -> 45536 | Q118: =_xlfn.MAXIFS($F:$F,$C:$C,$M118) -> 46082 | R118: =DATEDIF(P118,Q118,"M")+1 -> 19 | S118: =50*R118 -> 950
A119: 45796 | B119: CHE0001325 | C119: 70 | D119: 李䘤帷 | E119: 45689 | F119: 45839 | G119: 6 | H119: 300 | K119: =IF(L119="CHE", COUNTIF($L$2:L119, "CHE"), "") -> 72 | L119: CHE | M119: 174 | N119: 许茹慧 | O119: =SUMIF(C:C,M119,H:H) -> 1200 | P119: =_xlfn.MINIFS($E:$E,$C:$C,$M119) -> 45658 | Q119: =_xlfn.MAXIFS($F:$F,$C:$C,$M119) -> 46357 | R119: =DATEDIF(P119,Q119,"M")+1 -> 24 | S119: =50*R119 -> 1200
A120: 45958 | B120: CHE0001384 | C120: 70 | D120: 李䘤帷 | E120: 45870 | F120: 46023 | G120: 6 | H120: 300 | K120: =IF(L120="CHE", COUNTIF($L$2:L120, "CHE"), "") -> 73 | L120: CHE | M120: 175 | N120: 洪鼎惟 | O120: =SUMIF(C:C,M120,H:H) -> 900 | P120: =_xlfn.MINIFS($E:$E,$C:$C,$M120) -> 45597 | Q120: =_xlfn.MAXIFS($F:$F,$C:$C,$M120) -> 46113 | R120: =DATEDIF(P120,Q120,"M")+1 -> 18 | S120: =50*R120 -> 900
A121: 45663 | B121: CHE 0001073 | C121: 71 | D121: 房丽珍 | E121: 45566 | F121: 45778 | G121: 8 | H121: 400 | K121: =IF(L121="CHE", COUNTIF($L$2:L121, "CHE"), "") -> 74 | L121: CHE | M121: 176 | N121: 谢蕙冰 | O121: =SUMIF(C:C,M121,H:H) -> 1200 | P121: =_xlfn.MINIFS($E:$E,$C:$C,$M121) -> 45658 | Q121: =_xlfn.MAXIFS($F:$F,$C:$C,$M121) -> 46357 | R121: =DATEDIF(P121,Q121,"M")+1 -> 24 | S121: =50*R121 -> 1200
A122: 45734 | B122: CHE 0001128 | C122: 72 | D122: 何月琼 | E122: 45658 | F122: 45717 | G122: 3 | H122: 150 | K122: =IF(L122="CHE", COUNTIF($L$2:L122, "CHE"), "") -> 75 | L122: CHE | M122: 177 | N122: 陈桂香 | O122: =SUMIF(C:C,M122,H:H) -> 900 | P122: =_xlfn.MINIFS($E:$E,$C:$C,$M122) -> 45658 | Q122: =_xlfn.MAXIFS($F:$F,$C:$C,$M122) -> 46174 | R122: =DATEDIF(P122,Q122,"M")+1 -> 18 | S122: =50*R122 -> 900
A123: 45851 | B123: CHE 0001179 | C123: 72 | D123: 何月琼 | E123: 45748 | F123: 45809 | G123: 3 | H123: 150 | K123: =IF(L123="CHE", COUNTIF($L$2:L123, "CHE"), "") -> 76 | L123: CHE | M123: 178 | N123: 颜美葒 | O123: =SUMIF(C:C,M123,H:H) -> 950 | P123: =_xlfn.MINIFS($E:$E,$C:$C,$M123) -> 45627 | Q123: =_xlfn.MAXIFS($F:$F,$C:$C,$M123) -> 46174 | R123: =DATEDIF(P123,Q123,"M")+1 -> 19 | S123: =50*R123 -> 950
A124: 45936 | B124: CHE 0001265 | C124: 72 | D124: 何月琼 | E124: 45839 | F124: 45901 | G124: 3 | H124: 150 | K124: =IF(L124="CHE", COUNTIF($L$2:L124, "CHE"), "") | L124: 退 (Jan-21) | M124: 179 | N124: 陈金娣 | O124: =SUMIF(C:C,M124,H:H) -> 0 | P124: =_xlfn.MINIFS($E:$E,$C:$C,$M124) -> 0 | Q124: =_xlfn.MAXIFS($F:$F,$C:$C,$M124) -> 0 | R124: =DATEDIF(P124,Q124,"M")+1 -> 1 | S124: =50*R124 -> 50
A125: 46118 | B125: CHE 0001468 | C125: 72 | D125: 何月琼 | E125: 45931 | F125: 45992 | G125: 3 | H125: 150 | K125: =IF(L125="CHE", COUNTIF($L$2:L125, "CHE"), "") -> 77 | L125: CHE | M125: 180 | N125: 蔡健铭 | O125: =SUMIF(C:C,M125,H:H) -> 750 | P125: =_xlfn.MINIFS($E:$E,$C:$C,$M125) -> 45658 | Q125: =_xlfn.MAXIFS($F:$F,$C:$C,$M125) -> 46082 | R125: =DATEDIF(P125,Q125,"M")+1 -> 15 | S125: =50*R125 -> 750
A126: 46143 | B126: CHE 0001483 | C126: 72 | D126: 何月琼 | E126: 46023 | F126: 46082 | G126: 3 | H126: 150 | K126: =IF(L126="CHE", COUNTIF($L$2:L126, "CHE"), "") -> 78 | L126: CHE | M126: 181 | N126: 陈金清 | O126: =SUMIF(C:C,M126,H:H) -> 800 | P126: =_xlfn.MINIFS($E:$E,$C:$C,$M126) -> 45658 | Q126: =_xlfn.MAXIFS($F:$F,$C:$C,$M126) -> 46174 | R126: =DATEDIF(P126,Q126,"M")+1 -> 18 | S126: =50*R126 -> 900
... A136: 45653 | B136: CHE0001036 | C136: 78 | D136: 江永成 | E136: 45658 | F136: 45717 | G136: 3 | H136: 150 | K136: =IF(L136="CHE", COUNTIF($L$2:L136, "CHE"), "") -> 85 | L136: CHE | M136: 191 | N136: 锺鏸堬 | O136: =SUMIF(C:C,M136,H:H) -> 900 | P136: =_xlfn.MINIFS($E:$E,$C:$C,$M136) -> 45658 | Q136: =_xlfn.MAXIFS($F:$F,$C:$C,$M136) -> 46174 | R136: =DATEDIF(P136,Q136,"M")+1 -> 18 | S136: =50*R136 -> 900
...

Sheet Sheet3
B2: No | C2: Donator | D2: START MONTH | E2: END MONTH | F2: No/ of Mth | G2: Total Amt
B3: 3 | C3: Alice | D3: 45658 | E3: 45689 | F3: 2 | G3: 100
B4: 3 | C4: Alice | D4: 45839 | E4: 45870 | F4: 2 | G4: 100
B5: 3 | C5: Alice | D5: 45717 | E5: 45809 | F5: 4 | G5: 200
B6: 4 | C6: Emily | D6: 45658 | E6: 45689 | F6: 2 | G6: 100
B7: 4 | C7: Emily | D7: 45778 | E7: 45809 | F7: 2 | G7: 100
B8: 4 | C8: Emily | D8: 45839 | E8: 45870 | F8: 2 | G8: 100

Sheet Sheet2
A1: 编号 | B1: 姓名
A2: 3 | B2: Anna Justina | C2: =SUMIF(Sheet1!$C:$C,Sheet2!A2,Sheet1!$H:$H) -> 750
A3: 4 | B3: 邹运金 | C3: =SUMIF(Sheet1!$C:$C,Sheet2!A3,Sheet1!$H:$H) -> 900
A4: 5 | B4: 林姵辰 | C4: =SUMIF(Sheet1!$C:$C,Sheet2!A4,Sheet1!$H:$H) -> 0
A5: 6 | B5: 张婷奕 | C5: =SUMIF(Sheet1!$C:$C,Sheet2!A5,Sheet1!$H:$H) -> 1200
A6: 10 | B6: 吴添玉 | C6: =SUMIF(Sheet1!$C:$C,Sheet2!A6,Sheet1!$H:$H) -> 600
A7: 11 | B7: 方玉芬 | C7: =SUMIF(Sheet1!$C:$C,Sheet2!A7,Sheet1!$H:$H) -> 1200
A8: 12 | B8: 黄欣仪 | C8: =SUMIF(Sheet1!$C:$C,Sheet2!A8,Sheet1!$H:$H) -> 0
A9: 13 | B9: 黄慧霞 | C9: =SUMIF(Sheet1!$C:$C,Sheet2!A9,Sheet1!$H:$H) -> 700
A10: 14 | B10: 廖佳韵 | C10: =SUMIF(Sheet1!$C:$C,Sheet2!A10,Sheet1!$H:$H) -> 700
A11: 17 | B11: 王婉娟 | C11: =SUMIF(Sheet1!$C:$C,Sheet2!A11,Sheet1!$H:$H) -> 300
A12: 18 | B12: 江杰骏 | C12: =SUMIF(Sheet1!$C:$C,Sheet2!A12,Sheet1!$H:$H) -> 350
A13: 19 | B13: 廖秋华 | C13: =SUMIF(Sheet1!$C:$C,Sheet2!A13,Sheet1!$H:$H) -> 900
... A179: 229 | B179: 陈丽珍 | C179: =SUMIF(Sheet1!$C:$C,Sheet2!A179,Sheet1!$H:$H) -> 900
